family,condition,transition_id,source_label,target_label,source_class,target_class,proxy_models,target_model,proxy_layer,pull_weight,push_weight,N,clean_valid_denominator,proxy_success_count,TASR_numerator,TASR_denominator,target_hits_among_proxy_success,TASR,source_variance,target_variance,source_covariance_trace,target_covariance_trace,source_effective_rank,target_effective_rank,prototype_distance,mean_delta_pull,mean_delta_push,mean_delta_R,median_delta_R,clean_margin,adversarial_margin,margin_change,gap_closure,CKA,RSA,mean_pairwise_proxy_CKA,mean_pairwise_proxy_RSA,mean_gradient_cosine,runtime_seconds,peak_reserved_vram_gib
ablation,ablation__Qwen3.5-2B__to__Qwen3.5-4B__l23__p0.75-0.25,T01,1,2,goldfish,monarch butterfly,Qwen3.5-2B,Qwen3.5-4B,23,0.75,0.25,30,30,30,29,30,29,0.9666666666666667,4.672507566283457e-05,2.2569050997844897e-05,9.604614024283364e-05,4.605956928571686e-05,17.188682556152344,23.382614135742188,0.00010275840759277344,0.0001368721277685836,6.030400618328713e-05,0.00019717613758984953,0.0001951754093170166,-0.00011654496483970433,8.063118002610281e-05,0.00019717613758984953,0.00019717613758984953,0.9572506546974182,0.919183994272392,,,,26.768489711001166,5.4453125
ablation,ablation__Qwen3.5-2B__to__Qwen3.5-4B__l23__p0.75-0.25,T03,3,4,pineapple,acoustic guitar,Qwen3.5-2B,Qwen3.5-4B,23,0.75,0.25,30,30,29,16,29,16,0.5517241379310345,2.913301250373479e-05,4.215041917632334e-05,5.947613681200892e-05,8.597789565101266e-05,19.486711502075195,13.680599212646484,8.314847946166992e-05,3.066063072765246e-05,4.1673582018120214e-05,7.233420910779387e-05,7.134675979614258e-05,-7.618268136866391e-05,-3.848473170364741e-06,7.233420910779387e-05,7.233420910779387e-05,0.9611946940422058,0.9094387122705928,,,,25.698927434015786,5.4453125
ablation,ablation__Qwen3.5-2B__to__Qwen3.5-4B__l23__p0.75-0.25,T05,5,6,laptop,espresso,Qwen3.5-2B,Qwen3.5-4B,23,0.75,0.25,30,30,12,6,12,6,0.5,4.718080163002014e-05,4.321460801293142e-05,9.642472286941484e-05,8.805088873486966e-05,28.272096633911133,24.968734741210938,4.410743713378906e-05,4.735390393761918e-05,-2.1813313651364297e-05,2.5540590286254883e-05,2.4437904357910156e-05,-4.0072201954899356e-05,-1.4531612578139175e-05,2.5540590286254883e-05,2.5540590286254883e-05,0.9238079786300659,0.8302092751133474,,,,25.84075062299962,5.4453125
ablation,ablation__Qwen3.5-2B__to__Qwen3.5-4B__l23__p0.75-0.25,T07,7,8,volcano,rocking chair,Qwen3.5-2B,Qwen3.5-4B,23,0.75,0.25,30,30,30,30,30,30,1.0,6.774440407752991e-05,5.7614099205238745e-05,0.00013820648018736392,0.00011816418555099517,23.550779342651367,19.432998657226562,9.78708267211914e-05,0.00011114477820228785,4.5675038563786075e-05,0.00015681982040405273,0.00015753507614135742,-9.169777331408113e-05,6.51220470899716e-05,0.00015681982040405273,0.00015681982040405273,0.9635360836982727,0.895682610392392,,,,26.45012758100347,5.4453125
ablation,ablation__Qwen3.5-2B__to__Qwen3.5-4B__l23__p0.75-0.25,T09,9,10,soccer ball,school bus,Qwen3.5-2B,Qwen3.5-4B,23,0.75,0.25,30,30,25,10,25,10,0.4,5.9424590290291235e-05,4.258875924278982e-05,0.00012155148579040542,8.739273471292108e-05,21.65464210510254,25.28047752380371,5.46574592590332e-05,3.95754977944307e-05,-2.876917506000609e-06,3.669858051580377e-05,3.692507743835449e-05,-5.1079194236081094e-05,-1.4380613720277324e-05,3.669858051580377e-05,3.669858051580377e-05,0.9427202939987183,0.8640513607699123,,,,26.891156273995875,5.4453125
ablation,ablation__Gemma_4_E2B-it__to__Gemma_4_E4B-it__l15__p0.75-0.25,T01,1,2,goldfish,monarch butterfly,Gemma 4 E2B-it,Gemma 4 E4B-it,15,0.75,0.25,30,30,30,30,30,30,1.0,0.013740313239395618,0.011604906059801579,0.027872681617736816,0.023566236719489098,27.73090362548828,26.296092987060547,0.01898568868637085,0.02656322717666626,0.02597878687083721,0.05254201591014862,0.05247122049331665,-0.01769728772342205,0.03484472259879112,0.05254201591014862,0.05254201591014862,1.0,1.0,,,,345.92847703798907,12.775390625
ablation,ablation__Gemma_4_E2B-it__to__Gemma_4_E4B-it__l15__p0.75-0.25,T03,3,4,pineapple,acoustic guitar,Gemma 4 E2B-it,Gemma 4 E4B-it,15,0.75,0.25,30,30,30,30,30,30,1.0,0.023905666545033455,0.014722772873938084,0.04824504628777504,0.029850417748093605,18.286163330078125,25.011240005493164,0.03270423412322998,0.04634987562894821,0.03517131879925728,0.08152119070291519,0.08167770504951477,-0.029536642134189606,0.051984548568725586,0.08152119070291519,0.08152119070291519,1.0,1.0,,,,343.8808205390087,12.775390625
ablation,ablation__Gemma_4_E2B-it__to__Gemma_4_E4B-it__l15__p0.75-0.25,T05,5,6,laptop,espresso,Gemma 4 E2B-it,Gemma 4 E4B-it,15,0.75,0.25,30,30,30,30,30,30,1.0,0.012819773517549038,0.014162767678499222,0.02601718157529831,0.028723325580358505,26.098472595214844,25.805089950561523,0.01222902536392212,0.023674272000789642,0.006866596173495054,0.030540866777300835,0.030077964067459106,-0.010007870383560658,0.020532997325062752,0.030540866777300835,0.030540866777300835,1.0,0.9999999999999998,,,,346.1946757049882,12.775390625
ablation,ablation__Gemma_4_E2B-it__to__Gemma_4_E4B-it__l15__p0.75-0.25,T07,7,8,volcano,rocking chair,Gemma 4 E2B-it,Gemma 4 E4B-it,15,0.75,0.25,30,30,30,30,30,30,1.0,0.019367802888154984,0.015113559551537037,0.03917695954442024,0.030637145042419434,28.29238510131836,27.540597915649414,0.02183908224105835,0.03674637898802757,0.021165447309613228,0.05791182443499565,0.056545764207839966,-0.020849129185080528,0.037062689661979675,0.05791182443499565,0.05791182443499565,1.0,0.9999999999999998,,,,343.1263208349992,12.775390625
ablation,ablation__Gemma_4_E2B-it__to__Gemma_4_E4B-it__l15__p0.75-0.25,T09,9,10,soccer ball,school bus,Gemma 4 E2B-it,Gemma 4 E4B-it,15,0.75,0.25,30,30,30,30,30,30,1.0,0.016621073707938194,0.010192938148975372,0.03366765007376671,0.020713558420538902,23.42094612121582,27.576175689697266,0.009792685508728027,0.02275950461626053,0.0021404563449323177,0.024899961426854134,0.02514404058456421,-0.00833234004676342,0.016567621380090714,0.024899961426854134,0.024899961426854134,1.0,1.0,,,,344.08542805600155,12.775390625
ablation,ablation__Qwen3.5-2B__to__Qwen3.5-4B__l23__p0.00-1.00,T01,1,2,goldfish,monarch butterfly,Qwen3.5-2B,Qwen3.5-4B,23,0.0,1.0,30,30,0,0,0,0,,4.672507566283457e-05,2.2569050997844897e-05,9.604614024283364e-05,4.605956928571686e-05,17.188682556152344,23.382614135742188,0.00010275840759277344,3.741582258953713e-05,5.01434005855117e-05,8.755922317504883e-05,7.295608520507812e-05,-0.00011654496483970433,-2.89857380266767e-05,8.755922317504883e-05,8.755922317504883e-05,0.9572506546974182,0.919183994272392,,,,28.162902094976744,5.4453125
ablation,ablation__Qwen3.5-2B__to__Qwen3.5-4B__l23__p0.00-1.00,T03,3,4,pineapple,acoustic guitar,Qwen3.5-2B,Qwen3.5-4B,23,0.0,1.0,30,30,0,0,0,0,,2.913301250373479e-05,4.215041917632334e-05,5.947613681200892e-05,8.597789565101266e-05,19.486711502075195,13.680599212646484,8.314847946166992e-05,-4.4874348532175645e-05,4.65790435555391e-05,1.7046928633135394e-06,-3.5762786865234375e-07,-7.618268136866391e-05,-7.447798998327926e-05,1.7046928633135394e-06,1.7046928633135394e-06,0.9611946940422058,0.9094387122705928,,,,26.41999404001399,5.4453125
ablation,ablation__Qwen3.5-2B__to__Qwen3.5-4B__l23__p0.00-1.00,T05,5,6,laptop,espresso,Qwen3.5-2B,Qwen3.5-4B,23,0.0,1.0,30,30,0,0,0,0,,4.718080163002014e-05,4.321460801293142e-05,9.642472286941484e-05,8.805088873486966e-05,28.272096633911133,24.968734741210938,4.410743713378906e-05,-2.5073686629184522e-05,2.4680297428858466e-05,-3.9339064983323624e-07,-5.364418029785156e-07,-4.0072201954899356e-05,-4.046559479320422e-05,-3.9339064983323624e-07,-3.9339064983323624e-07,0.9238079786300659,0.8302092751133474,,,,26.723919834010303,5.4453125
ablation,ablation__Qwen3.5-2B__to__Qwen3.5-4B__l23__p0.00-1.00,T07,7,8,volcano,rocking chair,Qwen3.5-2B,Qwen3.5-4B,23,0.0,1.0,30,30,0,0,0,0,,6.774440407752991e-05,5.7614099205238745e-05,0.00013820648018736392,0.00011816418555099517,23.550779342651367,19.432998657226562,9.78708267211914e-05,3.275672497693449e-05,1.732309647195507e-05,5.0079823267878965e-05,5.1587820053100586e-05,-9.169777331408113e-05,-4.161795004620217e-05,5.0079823267878965e-05,5.0079823267878965e-05,0.9635360836982727,0.895682610392392,,,,27.14720071798365,5.4453125
ablation,ablation__Qwen3.5-2B__to__Qwen3.5-4B__l23__p0.00-1.00,T09,9,10,soccer ball,school bus,Qwen3.5-2B,Qwen3.5-4B,23,0.0,1.0,30,30,0,0,0,0,,5.9424590290291235e-05,4.258875924278982e-05,0.00012155148579040542,8.739273471292108e-05,21.65464210510254,25.28047752380371,5.46574592590332e-05,-1.895030254672747e-05,2.118547672580462e-05,2.2351741790771484e-06,1.4007091522216797e-06,-5.1079194236081094e-05,-4.8844020057003945e-05,2.2351741790771484e-06,2.2351741790771484e-06,0.9427202939987183,0.8640513607699123,,,,26.746919547003927,5.4453125
ablation,ablation__Qwen3.5-2B__to__Qwen3.5-4B__l23__p0.25-0.75,T01,1,2,goldfish,monarch butterfly,Qwen3.5-2B,Qwen3.5-4B,23,0.25,0.75,30,30,0,0,0,0,,4.672507566283457e-05,2.2569050997844897e-05,9.604614024283364e-05,4.605956928571686e-05,17.188682556152344,23.382614135742188,0.00010275840759277344,4.0896735299611464e-05,8.401076047448441e-05,0.00012490749941207469,0.00011464953422546387,-0.00011654496483970433,8.362531843886245e-06,0.00012490749941207469,0.00012490749941207469,0.9572506546974182,0.919183994272392,,,,28.235305245994823,5.4453125
ablation,ablation__Qwen3.5-2B__to__Qwen3.5-4B__l23__p0.25-0.75,T03,3,4,pineapple,acoustic guitar,Qwen3.5-2B,Qwen3.5-4B,23,0.25,0.75,30,30,0,0,0,0,,2.913301250373479e-05,4.215041917632334e-05,5.947613681200892e-05,8.597789565101266e-05,19.486711502075195,13.680599212646484,8.314847946166992e-05,-9.074211266124621e-05,0.00012781222176272422,3.7070116377435625e-05,4.3720006942749023e-05,-7.618268136866391e-05,-3.911256862920709e-05,3.7070116377435625e-05,3.7070116377435625e-05,0.9611946940422058,0.9094387122705928,,,,26.78225386799022,5.4453125
ablation,ablation__Qwen3.5-2B__to__Qwen3.5-4B__l23__p0.25-0.75,T05,5,6,laptop,espresso,Qwen3.5-2B,Qwen3.5-4B,23,0.25,0.75,30,30,0,0,0,0,,4.718080163002014e-05,4.321460801293142e-05,9.642472286941484e-05,8.805088873486966e-05,28.272096633911133,24.968734741210938,4.410743713378906e-05,-2.25861858780263e-05,2.443392986606341e-05,1.8477439880371094e-06,2.682209014892578e-06,-4.0072201954899356e-05,-3.8224457966862246e-05,1.8477439880371094e-06,1.8477439880371094e-06,0.9238079786300659,0.8302092751133474,,,,26.879684906001785,5.4453125
ablation,ablation__Qwen3.5-2B__to__Qwen3.5-4B__l23__p0.25-0.75,T07,7,8,volcano,rocking chair,Qwen3.5-2B,Qwen3.5-4B,23,0.25,0.75,30,30,0,0,0,0,,6.774440407752991e-05,5.7614099205238745e-05,0.00013820648018736392,0.00011816418555099517,23.550779342651367,19.432998657226562,9.78708267211914e-05,4.416505544213578e-05,4.936854020343162e-05,9.35335920075886e-05,9.334087371826172e-05,-9.169777331408113e-05,1.8358230136072962e-06,9.35335920075886e-05,9.35335920075886e-05,0.9635360836982727,0.895682610392392,,,,27.50769073300762,5.4453125
ablation,ablation__Qwen3.5-2B__to__Qwen3.5-4B__l23__p0.25-0.75,T09,9,10,soccer ball,school bus,Qwen3.5-2B,Qwen3.5-4B,23,0.25,0.75,30,30,0,0,0,0,,5.9424590290291235e-05,4.258875924278982e-05,0.00012155148579040542,8.739273471292108e-05,21.65464210510254,25.28047752380371,5.46574592590332e-05,-1.875758243841119e-05,2.3472308384953067e-05,4.714727310783928e-06,4.976987838745117e-06,-5.1079194236081094e-05,-4.636446465156041e-05,4.714727310783928e-06,4.714727310783928e-06,0.9427202939987183,0.8640513607699123,,,,26.939983585005393,5.4453125
ablation,ablation__Gemma_4_E2B-it__to__Gemma_4_E4B-it__l15__p1.00-0.00,T01,1,2,goldfish,monarch butterfly,Gemma 4 E2B-it,Gemma 4 E4B-it,15,1.0,0.0,30,30,30,30,30,30,1.0,0.013740313239395618,0.011604906059801579,0.027872681617736816,0.023566236719489098,27.73090362548828,26.296092987060547,0.01898568868637085,0.030575109645724297,0.005473168566823006,0.0360482782125473,0.0361199676990509,-0.01769728772342205,0.018350990489125252,0.0360482782125473,0.0360482782125473,1.0,1.0,,,,357.5629716500116,12.775390625
ablation,ablation__Gemma_4_E2B-it__to__Gemma_4_E4B-it__l15__p1.00-0.00,T03,3,4,pineapple,acoustic guitar,Gemma 4 E2B-it,Gemma 4 E4B-it,15,1.0,0.0,30,30,30,30,30,30,1.0,0.023905666545033455,0.014722772873938084,0.04824504628777504,0.029850417748093605,18.286163330078125,25.011240005493164,0.03270423412322998,0.05117085203528404,0.00881090760231018,0.05998175963759422,0.05984407663345337,-0.029536642134189606,0.030445117503404617,0.05998175963759422,0.05998175963759422,1.0,1.0,,,,344.79486416799773,12.775390625
ablation,ablation__Gemma_4_E2B-it__to__Gemma_4_E4B-it__l15__p1.00-0.00,T05,5,6,laptop,espresso,Gemma 4 E2B-it,Gemma 4 E4B-it,15,1.0,0.0,30,30,30,29,30,29,0.9666666666666667,0.012819773517549038,0.014162767678499222,0.02601718157529831,0.028723325580358505,26.098472595214844,25.805089950561523,0.01222902536392212,0.02591957524418831,-0.005006921477615833,0.0209126528352499,0.021024882793426514,-0.010007870383560658,0.010904783383011818,0.0209126528352499,0.0209126528352499,1.0,0.9999999999999998,,,,355.50511098299467,12.775390625
ablation,ablation__Gemma_4_E2B-it__to__Gemma_4_E4B-it__l15__p1.00-0.00,T07,7,8,volcano,rocking chair,Gemma 4 E2B-it,Gemma 4 E4B-it,15,1.0,0.0,30,30,30,30,30,30,1.0,0.019367802888154984,0.015113559551537037,0.03917695954442024,0.030637145042419434,28.29238510131836,27.540597915649414,0.02183908224105835,0.04041198268532753,0.0008389930007979274,0.04125097021460533,0.040522634983062744,-0.020849129185080528,0.0204018447548151,0.04125097021460533,0.04125097021460533,1.0,0.9999999999999998,,,,352.63603031501407,12.775390625
ablation,ablation__Gemma_4_E2B-it__to__Gemma_4_E4B-it__l15__p1.00-0.00,T09,9,10,soccer ball,school bus,Gemma 4 E2B-it,Gemma 4 E4B-it,15,1.0,0.0,30,30,30,29,30,29,0.9666666666666667,0.016621073707938194,0.010192938148975372,0.03366765007376671,0.020713558420538902,23.42094612121582,27.576175689697266,0.009792685508728027,0.024537090212106705,-0.007384618278592825,0.017152471467852592,0.018139421939849854,-0.00833234004676342,0.008820132352411747,0.017152471467852592,0.017152471467852592,1.0,1.0,,,,352.1849372239958,12.775390625
ablation,ablation__Gemma_4_E2B-it__to__Gemma_4_E4B-it__l15__p0.50-0.50,T01,1,2,goldfish,monarch butterfly,Gemma 4 E2B-it,Gemma 4 E4B-it,15,0.5,0.5,30,30,30,30,30,30,1.0,0.013740313239395618,0.011604906059801579,0.027872681617736816,0.023566236719489098,27.73090362548828,26.296092987060547,0.01898568868637085,-0.4169403910636902,0.5598466396331787,0.14290621876716614,0.14338847994804382,-0.01769728772342205,0.12520892918109894,0.14290621876716614,0.14290621876716614,1.0,1.0,,,,346.4226455099997,12.775390625
ablation,ablation__Gemma_4_E2B-it__to__Gemma_4_E4B-it__l15__p0.50-0.50,T03,3,4,pineapple,acoustic guitar,Gemma 4 E2B-it,Gemma 4 E4B-it,15,0.5,0.5,30,30,30,30,30,30,1.0,0.023905666545033455,0.014722772873938084,0.04824504628777504,0.029850417748093605,18.286163330078125,25.011240005493164,0.03270423412322998,-0.19879817962646484,0.3383716344833374,0.13957348465919495,0.13772821426391602,-0.029536642134189606,0.11003684252500534,0.13957348465919495,0.13957348465919495,1.0,1.0,,,,345.4544815819827,12.775390625
ablation,ablation__Gemma_4_E2B-it__to__Gemma_4_E4B-it__l15__p0.50-0.50,T05,5,6,laptop,espresso,Gemma 4 E2B-it,Gemma 4 E4B-it,15,0.5,0.5,30,30,30,30,30,30,1.0,0.012819773517549038,0.014162767678499222,0.02601718157529831,0.028723325580358505,26.098472595214844,25.805089950561523,0.01222902536392212,-0.3517550826072693,0.44438785314559937,0.09263269603252411,0.0949694812297821,-0.010007870383560658,0.08262483030557632,0.09263269603252411,0.09263269603252411,1.0,0.9999999999999998,,,,340.5442238980031,12.775390625
ablation,ablation__Gemma_4_E2B-it__to__Gemma_4_E4B-it__l15__p0.50-0.50,T07,7,8,volcano,rocking chair,Gemma 4 E2B-it,Gemma 4 E4B-it,15,0.5,0.5,30,30,30,30,30,30,1.0,0.019367802888154984,0.015113559551537037,0.03917695954442024,0.030637145042419434,28.29238510131836,27.540597915649414,0.02183908224105835,-0.24689032137393951,0.36113882064819336,0.11424852162599564,0.11527326703071594,-0.020849129185080528,0.09339937567710876,0.11424852162599564,0.11424852162599564,1.0,0.9999999999999998,,,,332.67360827402445,12.775390625
ablation,ablation__Gemma_4_E2B-it__to__Gemma_4_E4B-it__l15__p0.50-0.50,T09,9,10,soccer ball,school bus,Gemma 4 E2B-it,Gemma 4 E4B-it,15,0.5,0.5,30,30,30,30,30,30,1.0,0.016621073707938194,0.010192938148975372,0.03366765007376671,0.020713558420538902,23.42094612121582,27.576175689697266,0.009792685508728027,-0.22585587203502655,0.28971365094184875,0.0638577863574028,0.06340134143829346,-0.00833234004676342,0.05552545562386513,0.0638577863574028,0.0638577863574028,1.0,1.0,,,,332.7115097170172,12.775390625
ablation,ablation__Qwen3.5-2B__to__Qwen3.5-4B__l23__p0.50-0.50,T01,1,2,goldfish,monarch butterfly,Qwen3.5-2B,Qwen3.5-4B,23,0.5,0.5,30,30,11,6,11,6,0.5454545454545454,4.672507566283457e-05,2.2569050997844897e-05,9.604614024283364e-05,4.605956928571686e-05,17.188682556152344,23.382614135742188,0.00010275840759277344,8.881489338818938e-05,7.44680583011359e-05,0.00016328295168932527,0.00014698505401611328,-0.00011654496483970433,4.6737990487599745e-05,0.00016328295168932527,0.00016328295168932527,0.9572506546974182,0.919183994272392,,,,27.999275679016137,5.4453125
ablation,ablation__Qwen3.5-2B__to__Qwen3.5-4B__l23__p0.50-0.50,T03,3,4,pineapple,acoustic guitar,Qwen3.5-2B,Qwen3.5-4B,23,0.5,0.5,30,30,12,5,12,5,0.4166666666666667,2.913301250373479e-05,4.215041917632334e-05,5.947613681200892e-05,8.597789565101266e-05,19.486711502075195,13.680599212646484,8.314847946166992e-05,-6.673733423667727e-06,8.041659748414531e-05,7.374286360573024e-05,6.99758529663086e-05,-7.618268136866391e-05,-2.4398168534389697e-06,7.374286360573024e-05,7.374286360573024e-05,0.9611946940422058,0.9094387122705928,,,,26.71603041799972,5.4453125
ablation,ablation__Qwen3.5-2B__to__Qwen3.5-4B__l23__p0.50-0.50,T05,5,6,laptop,espresso,Qwen3.5-2B,Qwen3.5-4B,23,0.5,0.5,30,30,7,2,7,2,0.2857142857142857,4.718080163002014e-05,4.321460801293142e-05,9.642472286941484e-05,8.805088873486966e-05,28.272096633911133,24.968734741210938,4.410743713378906e-05,1.5815098777238745e-06,2.124508137058001e-05,2.2826592612545937e-05,2.0444393157958984e-05,-4.0072201954899356e-05,-1.7245611161342822e-05,2.2826592612545937e-05,2.2826592612545937e-05,0.9238079786300659,0.8302092751133474,,,,27.02672472897393,5.4453125
ablation,ablation__Qwen3.5-2B__to__Qwen3.5-4B__l23__p0.50-0.50,T07,7,8,volcano,rocking chair,Qwen3.5-2B,Qwen3.5-4B,23,0.5,0.5,30,30,17,11,17,11,0.6470588235294118,6.774440407752991e-05,5.7614099205238745e-05,0.00013820648018736392,0.00011816418555099517,23.550779342651367,19.432998657226562,9.78708267211914e-05,7.31786058167927e-05,6.646116526098922e-05,0.00013963977107778192,0.00013577938079833984,-9.169777331408113e-05,4.794200140167959e-05,0.00013963977107778192,0.00013963977107778192,0.9635360836982727,0.895682610392392,,,,27.174066622988903,5.4453125
ablation,ablation__Qwen3.5-2B__to__Qwen3.5-4B__l23__p0.50-0.50,T09,9,10,soccer ball,school bus,Qwen3.5-2B,Qwen3.5-4B,23,0.5,0.5,30,30,17,5,17,5,0.29411764705882354,5.9424590290291235e-05,4.258875924278982e-05,0.00012155148579040542,8.739273471292108e-05,21.65464210510254,25.28047752380371,5.46574592590332e-05,5.5730342864990234e-06,3.090500831604004e-05,3.647804260253906e-05,3.594160079956055e-05,-5.1079194236081094e-05,-1.460115072404733e-05,3.647804260253906e-05,3.647804260253906e-05,0.9427202939987183,0.8640513607699123,,,,25.915262756985612,5.4453125
ablation,ablation__Gemma_4_E2B-it__to__Gemma_4_E4B-it__l15__p0.25-0.75,T01,1,2,goldfish,monarch butterfly,Gemma 4 E2B-it,Gemma 4 E4B-it,15,0.25,0.75,30,30,5,2,5,2,0.4,0.013740313239395618,0.011604906059801579,0.027872681617736816,0.023566236719489098,27.73090362548828,26.296092987060547,0.01898568868637085,-0.9763950705528259,1.013613224029541,0.037218086421489716,0.03809112310409546,-0.01769728772342205,0.019520802423357964,0.03721809387207031,0.03721809387207031,1.0,1.0,,,,367.73379892999947,12.775390625
ablation,ablation__Gemma_4_E2B-it__to__Gemma_4_E4B-it__l15__p0.25-0.75,T03,3,4,pineapple,acoustic guitar,Gemma 4 E2B-it,Gemma 4 E4B-it,15,0.25,0.75,30,30,7,5,7,5,0.7142857142857143,0.023905666545033455,0.014722772873938084,0.04824504628777504,0.029850417748093605,18.286163330078125,25.011240005493164,0.03270423412322998,-0.6205042004585266,0.6722956299781799,0.051791463047266006,0.04456111788749695,-0.029536642134189606,0.02225482650101185,0.0517914704978466,0.0517914704978466,1.0,1.0,,,,370.72390984800586,12.775390625
ablation,ablation__Gemma_4_E2B-it__to__Gemma_4_E4B-it__l15__p0.25-0.75,T05,5,6,laptop,espresso,Gemma 4 E2B-it,Gemma 4 E4B-it,15,0.25,0.75,30,30,1,1,1,1,1.0,0.012819773517549038,0.014162767678499222,0.02601718157529831,0.028723325580358505,26.098472595214844,25.805089950561523,0.01222902536392212,-0.8109225630760193,0.838944137096405,0.028021590784192085,0.027206599712371826,-0.010007870383560658,0.018013717606663704,0.028021587058901787,0.028021587058901787,1.0,0.9999999999999998,,,,369.7423101699824,12.775390625
ablation,ablation__Gemma_4_E2B-it__to__Gemma_4_E4B-it__l15__p0.25-0.75,T07,7,8,volcano,rocking chair,Gemma 4 E2B-it,Gemma 4 E4B-it,15,0.25,0.75,30,30,1,1,1,1,1.0,0.019367802888154984,0.015113559551537037,0.03917695954442024,0.030637145042419434,28.29238510131836,27.540597915649414,0.02183908224105835,-1.0035539865493774,1.0101492404937744,0.006595238111913204,0.005203604698181152,-0.020849129185080528,-0.014253901317715645,0.006595226936042309,0.006595226936042309,1.0,0.9999999999999998,,,,349.4487651879899,12.775390625
ablation,ablation__Gemma_4_E2B-it__to__Gemma_4_E4B-it__l15__p0.25-0.75,T09,9,10,soccer ball,school bus,Gemma 4 E2B-it,Gemma 4 E4B-it,15,0.25,0.75,30,30,1,1,1,1,1.0,0.016621073707938194,0.010192938148975372,0.03366765007376671,0.020713558420538902,23.42094612121582,27.576175689697266,0.009792685508728027,-0.6904303431510925,0.6937391757965088,0.003308894345536828,0.002762913703918457,-0.00833234004676342,-0.0050234380178153515,0.003308901796117425,0.003308901796117425,1.0,1.0,,,,344.2324019210064,12.775390625
ablation,ablation__Qwen3.5-2B__to__Qwen3.5-4B__l23__p1.00-0.00,T01,1,2,goldfish,monarch butterfly,Qwen3.5-2B,Qwen3.5-4B,23,1.0,0.0,30,30,30,27,30,27,0.9,4.672507566283457e-05,2.2569050997844897e-05,9.604614024283364e-05,4.605956928571686e-05,17.188682556152344,23.382614135742188,0.00010275840759277344,0.00014021396054886281,4.2577583371894434e-05,0.00018279155483469367,0.00017854571342468262,-0.00011654496483970433,6.624658999498934e-05,0.00018279155483469367,0.00018279155483469367,0.9572506546974182,0.919183994272392,,,,29.011976819994743,5.4453125
ablation,ablation__Qwen3.5-2B__to__Qwen3.5-4B__l23__p1.00-0.00,T03,3,4,pineapple,acoustic guitar,Qwen3.5-2B,Qwen3.5-4B,23,1.0,0.0,30,30,3,2,3,2,0.6666666666666666,2.913301250373479e-05,4.215041917632334e-05,5.947613681200892e-05,8.597789565101266e-05,19.486711502075195,13.680599212646484,8.314847946166992e-05,3.1783183658262715e-05,1.1819601240858901e-05,4.3602783989626914e-05,4.38690185546875e-05,-7.618268136866391e-05,-3.257989737903699e-05,4.3602783989626914e-05,4.3602783989626914e-05,0.9611946940422058,0.9094387122705928,,,,25.645754310011398,5.4453125
ablation,ablation__Qwen3.5-2B__to__Qwen3.5-4B__l23__p1.00-0.00,T05,5,6,laptop,espresso,Qwen3.5-2B,Qwen3.5-4B,23,1.0,0.0,30,30,2,1,2,1,0.5,4.718080163002014e-05,4.321460801293142e-05,9.642472286941484e-05,8.805088873486966e-05,28.272096633911133,24.968734741210938,4.410743713378906e-05,4.823009294341318e-05,-2.814332583511714e-05,2.008676528930664e-05,1.8388032913208008e-05,-4.0072201954899356e-05,-1.9985436665592715e-05,2.008676528930664e-05,2.008676528930664e-05,0.9238079786300659,0.8302092751133474,,,,26.015049940004246,5.4453125
ablation,ablation__Qwen3.5-2B__to__Qwen3.5-4B__l23__p1.00-0.00,T07,7,8,volcano,rocking chair,Qwen3.5-2B,Qwen3.5-4B,23,1.0,0.0,30,30,29,27,29,27,0.9310344827586207,6.774440407752991e-05,5.7614099205238745e-05,0.00013820648018736392,0.00011816418555099517,23.550779342651367,19.432998657226562,9.78708267211914e-05,0.00011048714077332988,2.5616089260438457e-05,0.00013610323367174715,0.00014528632164001465,-9.169777331408113e-05,4.4405460357666016e-05,0.00013610323367174715,0.00013610323367174715,0.9635360836982727,0.895682610392392,,,,26.170270887989318,5.4453125
ablation,ablation__Qwen3.5-2B__to__Qwen3.5-4B__l23__p1.00-0.00,T09,9,10,soccer ball,school bus,Qwen3.5-2B,Qwen3.5-4B,23,1.0,0.0,30,30,10,3,10,3,0.3,5.9424590290291235e-05,4.258875924278982e-05,0.00012155148579040542,8.739273471292108e-05,21.65464210510254,25.28047752380371,5.46574592590332e-05,4.15861613873858e-05,-1.582900767971296e-05,2.5757153707672842e-05,2.440810203552246e-05,-5.1079194236081094e-05,-2.5322040528408252e-05,2.5757153707672842e-05,2.5757153707672842e-05,0.9427202939987183,0.8640513607699123,,,,25.880744142996264,5.4453125
ablation,ablation__Gemma_4_E2B-it__to__Gemma_4_E4B-it__l15__p0.00-1.00,T01,1,2,goldfish,monarch butterfly,Gemma 4 E2B-it,Gemma 4 E4B-it,15,0.0,1.0,30,30,2,1,2,1,0.5,0.013740313239395618,0.011604906059801579,0.027872681617736816,0.023566236719489098,27.73090362548828,26.296092987060547,0.01898568868637085,-1.0148208141326904,1.0397902727127075,0.024969346821308136,0.026371538639068604,-0.01769728772342205,0.007272044662386179,0.024969331920146942,0.024969331920146942,1.0,1.0,,,,366.45364218298346,12.775390625
ablation,ablation__Gemma_4_E2B-it__to__Gemma_4_E4B-it__l15__p0.00-1.00,T03,3,4,pineapple,acoustic guitar,Gemma 4 E2B-it,Gemma 4 E4B-it,15,0.0,1.0,30,30,1,0,1,0,0.0,0.023905666545033455,0.014722772873938084,0.04824504628777504,0.029850417748093605,18.286163330078125,25.011240005493164,0.03270423412322998,-0.8018553853034973,0.807345986366272,0.00549059035256505,0.004165768623352051,-0.029536642134189606,-0.02404605597257614,0.00549059035256505,0.00549059035256505,1.0,1.0,,,,373.015160601004,12.775390625
ablation,ablation__Gemma_4_E2B-it__to__Gemma_4_E4B-it__l15__p0.00-1.00,T05,5,6,laptop,espresso,Gemma 4 E2B-it,Gemma 4 E4B-it,15,0.0,1.0,30,30,0,0,0,0,,0.012819773517549038,0.014162767678499222,0.02601718157529831,0.028723325580358505,26.098472595214844,25.805089950561523,0.01222902536392212,-0.8163796663284302,0.8375669717788696,0.021187294274568558,0.02249044179916382,-0.010007870383560658,0.011179429478943348,0.021187299862504005,0.021187299862504005,1.0,0.9999999999999998,,,,376.462383547987,12.775390625
ablation,ablation__Gemma_4_E2B-it__to__Gemma_4_E4B-it__l15__p0.00-1.00,T07,7,8,volcano,rocking chair,Gemma 4 E2B-it,Gemma 4 E4B-it,15,0.0,1.0,30,30,0,0,0,0,,0.019367802888154984,0.015113559551537037,0.03917695954442024,0.030637145042419434,28.29238510131836,27.540597915649414,0.02183908224105835,-1.0254242420196533,1.0176864862442017,-0.007737807463854551,-0.006575465202331543,-0.020849129185080528,-0.02858693338930607,-0.007737806532531977,-0.007737806532531977,1.0,0.9999999999999998,,,,374.99366140602797,12.775390625
ablation,ablation__Gemma_4_E2B-it__to__Gemma_4_E4B-it__l15__p0.00-1.00,T09,9,10,soccer ball,school bus,Gemma 4 E2B-it,Gemma 4 E4B-it,15,0.0,1.0,30,30,0,0,0,0,,0.016621073707938194,0.010192938148975372,0.03366765007376671,0.020713558420538902,23.42094612121582,27.576175689697266,0.009792685508728027,-0.7423686981201172,0.7396409511566162,-0.0027277430053800344,-0.003252267837524414,-0.00833234004676342,-0.011060082353651524,-0.0027277402114123106,-0.0027277402114123106,1.0,1.0,,,,371.6853290119907,12.775390625
