pair,transition,arm,split,semantic_mode,rho,effective_lambda,pull_weight,push_weight,steps,layer,proxy_hits,tasr_hits,asr_hits,n,target_similarity_clean,target_similarity_adv,source_similarity_clean,source_similarity_adv,pull_loss_clean,pull_loss_adv,push_loss_clean,push_loss_adv,target_gain,source_drop,gap_gain
P14,T01,cls_only,validation,linear_pull_push,0.0,0.0,1.0,0.0,50,17,5,2,3,8,0.6712018847465515,0.7461579442024231,0.9083256125450134,0.7791308760643005,0.3287981152534485,0.2538420557975769,1.9083256125450134,1.7791308760643005,0.07495605945587158,0.1291947364807129,0.20415079593658447
P14,T01,infonce_baseline,validation,prototype,0.5,41.762290954589844,1.0,0.5,50,17,6,5,5,8,0.6712018847465515,0.8519988656044006,0.9083256125450134,0.643518328666687,0.3287981152534485,0.14800113439559937,1.9083256125450134,1.643518328666687,0.18079698085784912,0.2648072838783264,0.44560426473617554
P14,T01,infonce_matched_linear,validation,prototype,0.5,41.55326461791992,1.0,0.5,50,17,6,6,6,8,0.6712018847465515,0.8684327602386475,0.9083256125450134,0.6209876537322998,0.3287981152534485,0.13156723976135254,1.9083256125450134,1.6209876537322998,0.19723087549209595,0.2873379588127136,0.48456883430480957
P14,T01,linear_r0.5_p0.5,validation,linear_pull_push,0.5,57.44837951660156,1.0,0.5,50,17,6,6,6,8,0.6712018847465515,0.8884075880050659,0.9083256125450134,0.5986019968986511,0.3287981152534485,0.11159241199493408,1.9083256125450134,1.5986019968986511,0.2172057032585144,0.3097236156463623,0.5269293189048767
P14,T01,linear_r1_p0,validation,linear_pull_push,1.0,66.35104370117188,1.0,0.0,50,17,5,6,6,8,0.6712018847465515,0.9198553562164307,0.9083256125450134,0.7673583030700684,0.3287981152534485,0.08014464378356934,1.9083256125450134,1.7673583030700684,0.24865347146987915,0.14096730947494507,0.3896207809448242
P14,T02,cls_only,tuning,linear_pull_push,0.0,0.0,1.0,0.0,50,17,5,0,1,8,0.7255598306655884,0.7914901971817017,0.9194856286048889,0.7852804660797119,0.2744401693344116,0.20850980281829834,1.919485628604889,1.785280466079712,0.06593036651611328,0.134205162525177,0.20013552904129028
P14,T02,infonce_baseline,tuning,prototype,0.5,28.73967170715332,1.0,0.5,50,17,3,0,0,8,0.7255598306655884,0.8662647008895874,0.9194856286048889,0.7083357572555542,0.2744401693344116,0.1337352991104126,1.919485628604889,1.7083357572555542,0.14070487022399902,0.21114987134933472,0.35185474157333374
P14,T02,linear_r0.25_p0.25,tuning,linear_pull_push,0.25,15.964456558227539,1.0,0.25,50,17,6,0,0,8,0.7255598306655884,0.8957056999206543,0.9194856286048889,0.7258992195129395,0.2744401693344116,0.1042943000793457,1.919485628604889,1.7258992195129395,0.17014586925506592,0.19358640909194946,0.3637322783470154
P14,T02,linear_r0.25_p0.5,tuning,linear_pull_push,0.25,17.219013214111328,1.0,0.5,50,17,5,0,1,8,0.7255598306655884,0.866772472858429,0.9194856286048889,0.7057361006736755,0.2744401693344116,0.13322752714157104,1.919485628604889,1.7057361006736755,0.14121264219284058,0.21374952793121338,0.35496217012405396
P14,T02,linear_r0.25_p0,tuning,linear_pull_push,0.25,14.99443244934082,1.0,0.0,50,17,1,0,1,8,0.7255598306655884,0.8549055457115173,0.9194856286048889,0.8026250600814819,0.2744401693344116,0.14509445428848267,1.919485628604889,1.802625060081482,0.12934571504592896,0.11686056852340698,0.24620628356933594
P14,T02,linear_r0.25_p1,tuning,linear_pull_push,0.25,19.950809478759766,1.0,1.0,50,17,3,1,2,8,0.7255598306655884,0.8324877023696899,0.9194856286048889,0.646448016166687,0.2744401693344116,0.16751229763031006,1.919485628604889,1.646448016166687,0.10692787170410156,0.2730376124382019,0.37996548414230347
P14,T02,linear_r0.5_p0.25,tuning,linear_pull_push,0.5,31.981210708618164,1.0,0.25,50,17,4,0,1,8,0.7255598306655884,0.8888049125671387,0.9194856286048889,0.7383420467376709,0.2744401693344116,0.11119508743286133,1.919485628604889,1.738342046737671,0.1632450819015503,0.18114358186721802,0.3443886637687683
P14,T02,linear_r0.5_p0.5,tuning,linear_pull_push,0.5,34.200042724609375,1.0,0.5,50,17,2,1,2,8,0.7255598306655884,0.8808515667915344,0.9194856286048889,0.6881275773048401,0.2744401693344116,0.11914843320846558,1.919485628604889,1.68812757730484,0.15529173612594604,0.23135805130004883,0.3866497874259949
P14,T02,linear_r0.5_p0,tuning,linear_pull_push,0.5,30.160629272460938,1.0,0.0,50,17,2,0,0,8,0.7255598306655884,0.8835012912750244,0.9194856286048889,0.7813427448272705,0.2744401693344116,0.11649870872497559,1.919485628604889,1.7813427448272705,0.15794146060943604,0.1381428837776184,0.29608434438705444
P14,T02,linear_r0.5_p1,tuning,linear_pull_push,0.5,39.826011657714844,1.0,1.0,50,17,8,1,3,8,0.7255598306655884,0.834559977054596,0.9194856286048889,0.5679448843002319,0.2744401693344116,0.16544002294540405,1.919485628604889,1.567944884300232,0.10900014638900757,0.351540744304657,0.46054089069366455
P14,T02,linear_r1_p0.25,tuning,linear_pull_push,1.0,63.6584587097168,1.0,0.25,50,17,3,1,2,8,0.7255598306655884,0.9017273187637329,0.9194856286048889,0.7326984405517578,0.2744401693344116,0.09827268123626709,1.919485628604889,1.7326984405517578,0.17616748809814453,0.1867871880531311,0.36295467615127563
P14,T02,linear_r1_p0.5,tuning,linear_pull_push,1.0,68.42845916748047,1.0,0.5,50,17,5,0,1,8,0.7255598306655884,0.8924757242202759,0.9194856286048889,0.6626337170600891,0.2744401693344116,0.10752427577972412,1.919485628604889,1.6626337170600891,0.1669158935546875,0.2568519115447998,0.4237678050994873
P14,T02,linear_r1_p0,tuning,linear_pull_push,1.0,59.94566345214844,1.0,0.0,50,17,3,0,0,8,0.7255598306655884,0.9040178656578064,0.9194856286048889,0.7774369716644287,0.2744401693344116,0.0959821343421936,1.919485628604889,1.7774369716644287,0.17845803499221802,0.1420486569404602,0.3205066919326782
P14,T02,linear_r1_p1,tuning,linear_pull_push,1.0,79.56607055664062,1.0,1.0,50,17,6,0,3,8,0.7255598306655884,0.7955595850944519,0.9194856286048889,0.46493881940841675,0.2744401693344116,0.2044404149055481,1.919485628604889,1.4649388194084167,0.06999975442886353,0.45454680919647217,0.5245465636253357
P14,T02,smoke_cls,smoke,linear_pull_push,0.0,0.0,1.0,0.0,1,17,0,0,0,8,0.7255598306655884,0.735690176486969,0.9194856286048889,0.9127532243728638,0.2744401693344116,0.264309823513031,1.919485628604889,1.9127532243728638,0.010130345821380615,0.0067324042320251465,0.01686275005340576
P14,T02,smoke_infonce,smoke,prototype,0.5,28.652149200439453,1.0,0.5,1,17,0,0,0,8,0.7255598306655884,0.7412557601928711,0.9194856286048889,0.909837543964386,0.2744401693344116,0.2587442398071289,1.919485628604889,1.909837543964386,0.015695929527282715,0.00964808464050293,0.025344014167785645
P14,T02,smoke_linear,smoke,linear_pull_push,1.0,79.77767181396484,1.0,1.0,1,17,0,0,0,8,0.7255598306655884,0.7495710849761963,0.9194856286048889,0.9012957811355591,0.2744401693344116,0.2504289150238037,1.919485628604889,1.901295781135559,0.02401125431060791,0.018189847469329834,0.042201101779937744
P14,T03,cls_only,validation,linear_pull_push,0.0,0.0,1.0,0.0,50,17,7,0,1,8,0.701663076877594,0.7743256092071533,0.8898101449012756,0.7727198004722595,0.298336923122406,0.22567439079284668,1.8898101449012756,1.7727198004722595,0.07266253232955933,0.11709034442901611,0.18975287675857544
P14,T03,infonce_baseline,validation,prototype,0.5,77.8216323852539,1.0,0.5,50,17,7,7,7,8,0.701663076877594,0.9165336489677429,0.8898101449012756,0.604157567024231,0.298336923122406,0.08346635103225708,1.8898101449012756,1.604157567024231,0.21487057209014893,0.2856525778770447,0.5005231499671936
P14,T03,infonce_matched_linear,validation,prototype,0.5,76.62229919433594,1.0,0.5,50,17,6,7,7,8,0.701663076877594,0.9159802198410034,0.8898101449012756,0.6081076860427856,0.298336923122406,0.08401978015899658,1.8898101449012756,1.6081076860427856,0.21431714296340942,0.28170245885849,0.4960196018218994
P14,T03,linear_r0.5_p0.5,validation,linear_pull_push,0.5,74.63934326171875,1.0,0.5,50,17,7,5,7,8,0.701663076877594,0.9266624450683594,0.8898101449012756,0.582258403301239,0.298336923122406,0.07333755493164062,1.8898101449012756,1.582258403301239,0.22499936819076538,0.3075517416000366,0.532551109790802
P14,T03,linear_r1_p0,validation,linear_pull_push,1.0,144.1184539794922,1.0,0.0,50,17,7,4,4,8,0.701663076877594,0.967796266078949,0.8898101449012756,0.7437697649002075,0.298336923122406,0.032203733921051025,1.8898101449012756,1.7437697649002075,0.266133189201355,0.14604038000106812,0.4121735692024231
P14,T04,cls_only,tuning,linear_pull_push,0.0,0.0,1.0,0.0,50,17,5,0,0,8,0.668129563331604,0.7180742621421814,0.8298205733299255,0.7490952014923096,0.331870436668396,0.2819257378578186,1.8298205733299255,1.7490952014923096,0.04994469881057739,0.08072537183761597,0.13067007064819336
P14,T04,infonce_baseline,tuning,prototype,0.5,102.5734634399414,1.0,0.5,50,17,7,2,2,8,0.668129563331604,0.8645303249359131,0.8298205733299255,0.601719081401825,0.331870436668396,0.13546967506408691,1.8298205733299255,1.601719081401825,0.19640076160430908,0.22810149192810059,0.42450225353240967
P14,T04,linear_r0.25_p0.25,tuning,linear_pull_push,0.25,56.002254486083984,1.0,0.25,50,17,7,3,3,8,0.668129563331604,0.868842363357544,0.8298205733299255,0.7026817202568054,0.331870436668396,0.13115763664245605,1.8298205733299255,1.7026817202568054,0.20071280002593994,0.12713885307312012,0.32785165309906006
P14,T04,linear_r0.25_p0.5,tuning,linear_pull_push,0.25,62.43550491333008,1.0,0.5,50,17,7,3,3,8,0.668129563331604,0.8597545027732849,0.8298205733299255,0.6091148853302002,0.331870436668396,0.1402454972267151,1.8298205733299255,1.6091148853302002,0.1916249394416809,0.22070568799972534,0.41233062744140625
P14,T04,linear_r0.25_p0,tuning,linear_pull_push,0.25,49.33629608154297,1.0,0.0,50,17,6,1,1,8,0.668129563331604,0.8588592410087585,0.8298205733299255,0.7571650743484497,0.331870436668396,0.14114075899124146,1.8298205733299255,1.7571650743484497,0.19072967767715454,0.07265549898147583,0.26338517665863037
P14,T04,linear_r0.25_p1,tuning,linear_pull_push,0.25,73.96820068359375,1.0,1.0,50,17,7,2,2,8,0.668129563331604,0.6942553520202637,0.8298205733299255,0.35364148020744324,0.331870436668396,0.30574464797973633,1.8298205733299255,1.3536414802074432,0.026125788688659668,0.4761790931224823,0.502304881811142
P14,T04,linear_r0.5_p0.25,tuning,linear_pull_push,0.5,111.69668579101562,1.0,0.25,50,17,8,4,4,8,0.668129563331604,0.9102733135223389,0.8298205733299255,0.6656296253204346,0.331870436668396,0.08972668647766113,1.8298205733299255,1.6656296253204346,0.24214375019073486,0.16419094800949097,0.40633469820022583
P14,T04,linear_r0.5_p0.5,tuning,linear_pull_push,0.5,124.367919921875,1.0,0.5,50,17,8,5,5,8,0.668129563331604,0.8766165375709534,0.8298205733299255,0.5715925693511963,0.331870436668396,0.12338346242904663,1.8298205733299255,1.5715925693511963,0.20848697423934937,0.25822800397872925,0.4667149782180786
P14,T04,linear_r0.5_p0,tuning,linear_pull_push,0.5,98.79146575927734,1.0,0.0,50,17,6,1,1,8,0.668129563331604,0.8915293216705322,0.8298205733299255,0.7474820017814636,0.331870436668396,0.10847067832946777,1.8298205733299255,1.7474820017814636,0.22339975833892822,0.08233857154846191,0.30573832988739014
P14,T04,linear_r0.5_p1,tuning,linear_pull_push,0.5,147.69500732421875,1.0,1.0,50,17,8,2,2,8,0.668129563331604,0.6604269742965698,0.8298205733299255,0.26434433460235596,0.331870436668396,0.3395730257034302,1.8298205733299255,1.264344334602356,-0.00770258903503418,0.5654762387275696,0.5577736496925354
P14,T04,linear_r1_p0.25,tuning,linear_pull_push,1.0,222.18075561523438,1.0,0.25,50,17,8,1,1,8,0.668129563331604,0.9269047975540161,0.8298205733299255,0.6610264778137207,0.331870436668396,0.07309520244598389,1.8298205733299255,1.6610264778137207,0.2587752342224121,0.16879409551620483,0.42756932973861694
P14,T04,linear_r1_p0.5,tuning,linear_pull_push,1.0,249.698974609375,1.0,0.5,50,17,8,3,3,8,0.668129563331604,0.8855364322662354,0.8298205733299255,0.542633056640625,0.331870436668396,0.11446356773376465,1.8298205733299255,1.542633056640625,0.21740686893463135,0.28718751668930054,0.5045943856239319
P14,T04,linear_r1_p0,tuning,linear_pull_push,1.0,197.78565979003906,1.0,0.0,50,17,7,2,2,8,0.668129563331604,0.9262877106666565,0.8298205733299255,0.7363193035125732,0.331870436668396,0.0737122893333435,1.8298205733299255,1.7363193035125732,0.2581581473350525,0.0935012698173523,0.3516594171524048
P14,T04,linear_r1_p1,tuning,linear_pull_push,1.0,294.4848327636719,1.0,1.0,50,17,8,3,3,8,0.668129563331604,0.6481198668479919,0.8298205733299255,0.22184252738952637,0.331870436668396,0.35188013315200806,1.8298205733299255,1.2218425273895264,-0.02000969648361206,0.6079780459403992,0.5879683494567871
P14,T05,cls_only,validation,linear_pull_push,0.0,0.0,1.0,0.0,50,17,7,6,6,8,0.7571995258331299,0.7744042873382568,0.8401648998260498,0.8183876276016235,0.24280047416687012,0.22559571266174316,1.8401648998260498,1.8183876276016235,0.017204761505126953,0.02177727222442627,0.03898203372955322
P14,T05,infonce_baseline,validation,prototype,0.5,226.47865295410156,1.0,0.5,50,17,7,7,8,8,0.7571995258331299,0.899762749671936,0.8401648998260498,0.7217568159103394,0.24280047416687012,0.10023725032806396,1.8401648998260498,1.7217568159103394,0.14256322383880615,0.11840808391571045,0.2609713077545166
P14,T05,infonce_matched_linear,validation,prototype,0.5,226.44110107421875,1.0,0.5,50,17,8,8,8,8,0.7571995258331299,0.9063722491264343,0.8401648998260498,0.7110154628753662,0.24280047416687012,0.09362775087356567,1.8401648998260498,1.7110154628753662,0.14917272329330444,0.1291494369506836,0.27832216024398804
P14,T05,linear_r0.5_p0.5,validation,linear_pull_push,0.5,182.4105682373047,1.0,0.5,50,17,8,8,8,8,0.7571995258331299,0.9068916440010071,0.8401648998260498,0.7106674909591675,0.24280047416687012,0.09310835599899292,1.8401648998260498,1.7106674909591675,0.1496921181678772,0.12949740886688232,0.2791895270347595
P14,T05,linear_r1_p0,validation,linear_pull_push,1.0,221.3392791748047,1.0,0.0,50,17,8,6,6,8,0.7571995258331299,0.9605519771575928,0.8401648998260498,0.8694400787353516,0.24280047416687012,0.03944802284240723,1.8401648998260498,1.8694400787353516,0.2033524513244629,-0.029275178909301758,0.17407727241516113
P14,T06,cls_only,validation,linear_pull_push,0.0,0.0,1.0,0.0,50,17,2,0,5,8,0.7605178356170654,0.7866467237472534,0.8899003863334656,0.8225578665733337,0.23948216438293457,0.21335327625274658,1.8899003863334656,1.8225578665733337,0.02612888813018799,0.06734251976013184,0.09347140789031982
P14,T06,infonce_baseline,validation,prototype,0.5,316.5331726074219,1.0,0.5,50,17,8,8,8,8,0.7605178356170654,0.9106554985046387,0.8899003863334656,0.6690280437469482,0.23948216438293457,0.08934450149536133,1.8899003863334656,1.6690280437469482,0.15013766288757324,0.22087234258651733,0.3710100054740906
P14,T06,infonce_matched_linear,validation,prototype,0.5,317.3810119628906,1.0,0.5,50,17,8,8,8,8,0.7605178356170654,0.9144383072853088,0.8899003863334656,0.670882523059845,0.23948216438293457,0.08556169271469116,1.8899003863334656,1.670882523059845,0.1539204716682434,0.2190178632736206,0.372938334941864
P14,T06,linear_r0.5_p0.5,validation,linear_pull_push,0.5,271.053955078125,1.0,0.5,50,17,8,8,8,8,0.7605178356170654,0.9173709154129028,0.8899003863334656,0.6677597165107727,0.23948216438293457,0.08262908458709717,1.8899003863334656,1.6677597165107727,0.1568530797958374,0.22214066982269287,0.3789937496185303
P14,T06,linear_r1_p0,validation,linear_pull_push,1.0,361.77630615234375,1.0,0.0,50,17,8,8,8,8,0.7605178356170654,0.9666513204574585,0.8899003863334656,0.8419661521911621,0.23948216438293457,0.033348679542541504,1.8899003863334656,1.841966152191162,0.20613348484039307,0.04793423414230347,0.25406771898269653
P14,T07,cls_only,validation,linear_pull_push,0.0,0.0,1.0,0.0,50,17,5,0,4,8,0.7083864212036133,0.7337281107902527,0.8559279441833496,0.7439246773719788,0.2916135787963867,0.2662718892097473,1.8559279441833496,1.7439246773719788,0.025341689586639404,0.11200326681137085,0.13734495639801025
P14,T07,infonce_baseline,validation,prototype,0.5,144.455322265625,1.0,0.5,50,17,7,7,7,8,0.7083864212036133,0.8888081312179565,0.8559279441833496,0.6669878959655762,0.2916135787963867,0.11119186878204346,1.8559279441833496,1.6669878959655762,0.18042171001434326,0.18894004821777344,0.3693617582321167
P14,T07,infonce_matched_linear,validation,prototype,0.5,144.85350036621094,1.0,0.5,50,17,6,6,8,8,0.7083864212036133,0.8836172223091125,0.8559279441833496,0.6888430714607239,0.2916135787963867,0.11638277769088745,1.8559279441833496,1.6888430714607239,0.17523080110549927,0.16708487272262573,0.342315673828125
P14,T07,linear_r0.5_p0.5,validation,linear_pull_push,0.5,149.54476928710938,1.0,0.5,50,17,7,7,7,8,0.7083864212036133,0.8956477642059326,0.8559279441833496,0.6340617537498474,0.2916135787963867,0.10435223579406738,1.8559279441833496,1.6340617537498474,0.18726134300231934,0.2218661904335022,0.40912753343582153
P14,T07,linear_r1_p0,validation,linear_pull_push,1.0,207.78643798828125,1.0,0.0,50,17,8,8,8,8,0.7083864212036133,0.961956262588501,0.8559279441833496,0.7954579591751099,0.2916135787963867,0.03804373741149902,1.8559279441833496,1.7954579591751099,0.2535698413848877,0.060469985008239746,0.31403982639312744
P14,T08,cls_only,tuning,linear_pull_push,0.0,0.0,1.0,0.0,50,17,7,1,1,8,0.625870943069458,0.691200315952301,0.8648240566253662,0.8170223236083984,0.374129056930542,0.308799684047699,1.8648240566253662,1.8170223236083984,0.06532937288284302,0.04780173301696777,0.11313110589981079
P14,T08,infonce_baseline,tuning,prototype,0.5,80.82869720458984,1.0,0.5,50,17,8,6,6,8,0.625870943069458,0.8698509931564331,0.8648240566253662,0.5722753405570984,0.374129056930542,0.1301490068435669,1.8648240566253662,1.5722753405570984,0.2439800500869751,0.2925487160682678,0.5365287661552429
P14,T08,linear_r0.25_p0.25,tuning,linear_pull_push,0.25,46.709312438964844,1.0,0.25,50,17,6,4,4,8,0.625870943069458,0.8676848411560059,0.8648240566253662,0.7151539921760559,0.374129056930542,0.13231515884399414,1.8648240566253662,1.715153992176056,0.24181389808654785,0.1496700644493103,0.39148396253585815
P14,T08,linear_r0.25_p0.5,tuning,linear_pull_push,0.25,55.95327377319336,1.0,0.5,50,17,7,5,5,8,0.625870943069458,0.8576843738555908,0.8648240566253662,0.5997902154922485,0.374129056930542,0.14231562614440918,1.8648240566253662,1.5997902154922485,0.2318134307861328,0.2650338411331177,0.4968472719192505
P14,T08,linear_r0.25_p0,tuning,linear_pull_push,0.25,40.078094482421875,1.0,0.0,50,17,7,4,4,8,0.625870943069458,0.8839013576507568,0.8648240566253662,0.7736454606056213,0.374129056930542,0.11609864234924316,1.8648240566253662,1.7736454606056213,0.25803041458129883,0.09117859601974487,0.3492090106010437
P14,T08,linear_r0.25_p1,tuning,linear_pull_push,0.25,86.32525634765625,1.0,1.0,50,17,8,5,5,8,0.625870943069458,0.6217377781867981,0.8648240566253662,0.22394618391990662,0.374129056930542,0.3782622218132019,1.8648240566253662,1.2239461839199066,-0.004133164882659912,0.6408778727054596,0.6367447078227997
P14,T08,linear_r0.5_p0.25,tuning,linear_pull_push,0.5,92.88429260253906,1.0,0.25,50,17,7,4,4,8,0.625870943069458,0.9061461687088013,0.8648240566253662,0.7023032307624817,0.374129056930542,0.09385383129119873,1.8648240566253662,1.7023032307624817,0.28027522563934326,0.16252082586288452,0.4427960515022278
P14,T08,linear_r0.5_p0.5,tuning,linear_pull_push,0.5,111.44992065429688,1.0,0.5,50,17,8,6,6,8,0.625870943069458,0.8787783980369568,0.8648240566253662,0.5534218549728394,0.374129056930542,0.12122160196304321,1.8648240566253662,1.5534218549728394,0.2529074549674988,0.31140220165252686,0.5643096566200256
P14,T08,linear_r0.5_p0,tuning,linear_pull_push,0.5,80.1824951171875,1.0,0.0,50,17,8,3,3,8,0.625870943069458,0.9122257828712463,0.8648240566253662,0.7743825316429138,0.374129056930542,0.08777421712875366,1.8648240566253662,1.7743825316429138,0.28635483980178833,0.09044152498245239,0.3767963647842407
P14,T08,linear_r0.5_p1,tuning,linear_pull_push,0.5,172.2090606689453,1.0,1.0,50,17,8,6,6,8,0.625870943069458,0.6055334806442261,0.8648240566253662,0.19511985778808594,0.374129056930542,0.3944665193557739,1.8648240566253662,1.195119857788086,-0.020337462425231934,0.6697041988372803,0.6493667364120483
P14,T08,linear_r1_p0.25,tuning,linear_pull_push,1.0,186.461669921875,1.0,0.25,50,17,8,4,4,8,0.625870943069458,0.9314734935760498,0.8648240566253662,0.6747084856033325,0.374129056930542,0.0685265064239502,1.8648240566253662,1.6747084856033325,0.3056025505065918,0.1901155710220337,0.4957181215286255
P14,T08,linear_r1_p0.5,tuning,linear_pull_push,1.0,223.52337646484375,1.0,0.5,50,17,8,6,6,8,0.625870943069458,0.8855342864990234,0.8648240566253662,0.5538052320480347,0.374129056930542,0.11446571350097656,1.8648240566253662,1.5538052320480347,0.25966334342956543,0.31101882457733154,0.570682168006897
P14,T08,linear_r1_p0,tuning,linear_pull_push,1.0,160.1808624267578,1.0,0.0,50,17,8,5,5,8,0.625870943069458,0.9372802972793579,0.8648240566253662,0.754195511341095,0.374129056930542,0.06271970272064209,1.8648240566253662,1.754195511341095,0.3114093542098999,0.11062854528427124,0.42203789949417114
P14,T08,linear_r1_p1,tuning,linear_pull_push,1.0,343.1758728027344,1.0,1.0,50,17,8,3,3,8,0.625870943069458,0.5796238780021667,0.8648240566253662,0.1337033212184906,0.374129056930542,0.42037612199783325,1.8648240566253662,1.1337033212184906,-0.04624706506729126,0.7311207354068756,0.6848736703395844
P14,T09,cls_only,validation,linear_pull_push,0.0,0.0,1.0,0.0,50,17,8,1,3,8,0.6347478628158569,0.6645719408988953,0.8331068754196167,0.7905097007751465,0.36525213718414307,0.33542805910110474,1.8331068754196167,1.7905097007751465,0.02982407808303833,0.042597174644470215,0.07242125272750854
P14,T09,infonce_baseline,validation,prototype,0.5,148.65724182128906,1.0,0.5,50,17,8,5,6,8,0.6347478628158569,0.8862211108207703,0.8331068754196167,0.5476251244544983,0.36525213718414307,0.11377888917922974,1.8331068754196167,1.5476251244544983,0.25147324800491333,0.2854817509651184,0.5369549989700317
P14,T09,infonce_matched_linear,validation,prototype,0.5,147.9326171875,1.0,0.5,50,17,8,7,7,8,0.6347478628158569,0.8777073621749878,0.8331068754196167,0.559065580368042,0.36525213718414307,0.12229263782501221,1.8331068754196167,1.559065580368042,0.24295949935913086,0.2740412950515747,0.5170007944107056
P14,T09,linear_r0.5_p0.5,validation,linear_pull_push,0.5,199.75343322753906,1.0,0.5,50,17,8,7,7,8,0.6347478628158569,0.888988196849823,0.8331068754196167,0.5062739253044128,0.36525213718414307,0.111011803150177,1.8331068754196167,1.5062739253044128,0.25424033403396606,0.32683295011520386,0.5810732841491699
P14,T09,linear_r1_p0,validation,linear_pull_push,1.0,260.9617004394531,1.0,0.0,50,17,8,5,5,8,0.6347478628158569,0.9606054425239563,0.8331068754196167,0.7397722005844116,0.36525213718414307,0.0393945574760437,1.8331068754196167,1.7397722005844116,0.32585757970809937,0.09333467483520508,0.41919225454330444
P14,T10,cls_only,validation,linear_pull_push,0.0,0.0,1.0,0.0,50,17,6,0,0,8,0.6736548542976379,0.7137062549591064,0.8952680826187134,0.8709126710891724,0.32634514570236206,0.28629374504089355,1.8952680826187134,1.8709126710891724,0.040051400661468506,0.024355411529541016,0.06440681219100952
P14,T10,infonce_baseline,validation,prototype,0.5,89.91065216064453,1.0,0.5,50,17,8,4,4,8,0.6736548542976379,0.9088947772979736,0.8952680826187134,0.5380579233169556,0.32634514570236206,0.09110522270202637,1.8952680826187134,1.5380579233169556,0.2352399230003357,0.3572101593017578,0.5924500823020935
P14,T10,infonce_matched_linear,validation,prototype,0.5,89.26893615722656,1.0,0.5,50,17,8,2,2,8,0.6736548542976379,0.9070323705673218,0.8952680826187134,0.5388227701187134,0.32634514570236206,0.09296762943267822,1.8952680826187134,1.5388227701187134,0.23337751626968384,0.3564453125,0.5898228287696838
P14,T10,linear_r0.5_p0.5,validation,linear_pull_push,0.5,106.98548889160156,1.0,0.5,50,17,8,3,3,8,0.6736548542976379,0.9092772603034973,0.8952680826187134,0.5182726979255676,0.32634514570236206,0.09072273969650269,1.8952680826187134,1.5182726979255676,0.23562240600585938,0.37699538469314575,0.6126177906990051
P14,T10,linear_r1_p0,validation,linear_pull_push,1.0,154.393310546875,1.0,0.0,50,17,8,1,1,8,0.6736548542976379,0.9744777083396912,0.8952680826187134,0.7505289316177368,0.32634514570236206,0.025522291660308838,1.8952680826187134,1.7505289316177368,0.3008228540420532,0.14473915100097656,0.4455620050430298
P16,T01,cls_only,validation,linear_pull_push,0.0,0.0,1.0,0.0,50,17,5,0,0,8,0.6410379409790039,0.6533129215240479,0.8765931725502014,0.8327125310897827,0.3589620590209961,0.34668707847595215,1.8765931725502014,1.8327125310897827,0.012274980545043945,0.0438806414604187,0.056155622005462646
P16,T01,infonce_baseline,validation,prototype,1.0,3521.7431640625,1.0,0.25,50,17,8,5,6,8,0.6410379409790039,0.981076717376709,0.8765931725502014,0.5817501544952393,0.3589620590209961,0.018923282623291016,1.8765931725502014,1.5817501544952393,0.3400387763977051,0.29484301805496216,0.6348817944526672
P16,T01,infonce_matched_linear,validation,prototype,0.5,220.21803283691406,1.0,0.5,50,17,8,5,5,8,0.6410379409790039,0.9156205654144287,0.8765931725502014,0.40602973103523254,0.3589620590209961,0.08437943458557129,1.8765931725502014,1.4060297310352325,0.2745826244354248,0.47056344151496887,0.7451460659503937
P16,T01,linear_r0.5_p0.5,validation,linear_pull_push,0.5,233.57077026367188,1.0,0.5,50,17,8,5,5,8,0.6410379409790039,0.9128303527832031,0.8765931725502014,0.39594191312789917,0.3589620590209961,0.08716964721679688,1.8765931725502014,1.3959419131278992,0.2717924118041992,0.48065125942230225,0.7524436712265015
P16,T01,linear_r0.5_p0,validation,linear_pull_push,0.5,218.9094696044922,1.0,0.0,50,17,8,4,5,8,0.6410379409790039,0.998200535774231,0.8765931725502014,0.7175726890563965,0.3589620590209961,0.001799464225769043,1.8765931725502014,1.7175726890563965,0.35716259479522705,0.15902048349380493,0.516183078289032
P16,T02,cls_only,tuning,linear_pull_push,0.0,0.0,1.0,0.0,50,17,7,0,0,8,0.6829156875610352,0.7141793966293335,0.9083189368247986,0.8279720544815063,0.31708431243896484,0.2858206033706665,1.9083189368247986,1.8279720544815063,0.03126370906829834,0.08034688234329224,0.11161059141159058
P16,T02,infonce_baseline,tuning,prototype,1.0,2959.168701171875,1.0,0.25,50,17,8,0,0,8,0.6829156875610352,0.9756988883018494,0.9083189368247986,0.6458252668380737,0.31708431243896484,0.024301111698150635,1.9083189368247986,1.6458252668380737,0.2927832007408142,0.26249366998672485,0.5552768707275391
P16,T02,linear_r0.5_p0.25,tuning,linear_pull_push,0.5,134.0607452392578,1.0,0.25,50,17,8,0,0,8,0.6829156875610352,0.9734217524528503,0.9083189368247986,0.6489639282226562,0.31708431243896484,0.026578247547149658,1.9083189368247986,1.6489639282226562,0.2905060648918152,0.25935500860214233,0.5498610734939575
P16,T02,linear_r0.5_p0.5,tuning,linear_pull_push,0.5,128.29994201660156,1.0,0.5,50,17,8,0,1,8,0.6829156875610352,0.9219793677330017,0.9083189368247986,0.48370957374572754,0.31708431243896484,0.07802063226699829,1.9083189368247986,1.4837095737457275,0.23906368017196655,0.42460936307907104,0.6636730432510376
P16,T02,linear_r0.5_p0,tuning,linear_pull_push,0.5,134.02969360351562,1.0,0.0,50,17,8,0,0,8,0.6829156875610352,0.9856494665145874,0.9083189368247986,0.7578607797622681,0.31708431243896484,0.014350533485412598,1.9083189368247986,1.757860779762268,0.30273377895355225,0.15045815706253052,0.45319193601608276
P16,T02,linear_r0.5_p1,tuning,linear_pull_push,0.5,107.89237976074219,1.0,1.0,50,17,8,0,0,8,0.6829156875610352,0.6387016773223877,0.9083189368247986,0.10221879184246063,0.31708431243896484,0.3612983226776123,1.9083189368247986,1.1022187918424606,-0.04421401023864746,0.806100144982338,0.7618861347436905
P16,T02,linear_r1_p0.25,tuning,linear_pull_push,1.0,268.3220520019531,1.0,0.25,50,17,8,0,0,8,0.6829156875610352,0.9791842699050903,0.9083189368247986,0.6350077390670776,0.31708431243896484,0.020815730094909668,1.9083189368247986,1.6350077390670776,0.2962685823440552,0.27331119775772095,0.5695797801017761
P16,T02,linear_r1_p0.5,tuning,linear_pull_push,1.0,257.45391845703125,1.0,0.5,50,17,8,0,0,8,0.6829156875610352,0.9209978580474854,0.9083189368247986,0.46999478340148926,0.31708431243896484,0.07900214195251465,1.9083189368247986,1.4699947834014893,0.2380821704864502,0.4383241534233093,0.6764063239097595
P16,T02,linear_r1_p0,tuning,linear_pull_push,1.0,268.1697082519531,1.0,0.0,50,17,8,0,0,8,0.6829156875610352,0.9902705550193787,0.9083189368247986,0.7572498917579651,0.31708431243896484,0.009729444980621338,1.9083189368247986,1.757249891757965,0.3073548674583435,0.1510690450668335,0.458423912525177
P16,T02,linear_r1_p1,tuning,linear_pull_push,1.0,215.89527893066406,1.0,1.0,50,17,8,0,0,8,0.6829156875610352,0.6256827116012573,0.9083189368247986,0.07396383583545685,0.31708431243896484,0.3743172883987427,1.9083189368247986,1.0739638358354568,-0.05723297595977783,0.8343551009893417,0.7771221250295639
P16,T02,linear_r2_p0.25,tuning,linear_pull_push,2.0,536.6256103515625,1.0,0.25,50,17,8,0,0,8,0.6829156875610352,0.9807812571525574,0.9083189368247986,0.629138708114624,0.31708431243896484,0.019218742847442627,1.9083189368247986,1.629138708114624,0.2978655695915222,0.27918022871017456,0.5770457983016968
P16,T02,linear_r2_p0.5,tuning,linear_pull_push,2.0,512.5193481445312,1.0,0.5,50,17,8,0,0,8,0.6829156875610352,0.9202037453651428,0.9083189368247986,0.46362733840942383,0.31708431243896484,0.07979625463485718,1.9083189368247986,1.4636273384094238,0.23728805780410767,0.44469159841537476,0.6819796562194824
P16,T02,linear_r2_p0,tuning,linear_pull_push,2.0,537.3226318359375,1.0,0.0,50,17,8,0,0,8,0.6829156875610352,0.9952124357223511,0.9083189368247986,0.7542608976364136,0.31708431243896484,0.004787564277648926,1.9083189368247986,1.7542608976364136,0.3122967481613159,0.154058039188385,0.4663547873497009
P16,T02,linear_r2_p1,tuning,linear_pull_push,2.0,431.3016662597656,1.0,1.0,50,17,8,0,0,8,0.6829156875610352,0.6151560544967651,0.9083189368247986,0.05383322760462761,0.31708431243896484,0.38484394550323486,1.9083189368247986,1.0538332276046276,-0.06775963306427002,0.854485709220171,0.786726076155901
P16,T02,smoke_cls,smoke,linear_pull_push,0.0,0.0,1.0,0.0,1,17,0,0,0,8,0.6829156875610352,0.70256507396698,0.9083189368247986,0.8855249881744385,0.31708431243896484,0.29743492603302,1.9083189368247986,1.8855249881744385,0.019649386405944824,0.022793948650360107,0.04244333505630493
P16,T02,smoke_infonce,smoke,prototype,1.0,2967.8515625,1.0,0.25,1,17,0,0,0,8,0.6829156875610352,0.7439315319061279,0.9083189368247986,0.8742896318435669,0.31708431243896484,0.25606846809387207,1.9083189368247986,1.874289631843567,0.06101584434509277,0.03402930498123169,0.09504514932632446
P16,T02,smoke_linear,smoke,linear_pull_push,2.0,431.9768371582031,1.0,1.0,1,17,0,0,0,8,0.6829156875610352,0.7317022681236267,0.9083189368247986,0.8468456268310547,0.31708431243896484,0.2682977318763733,1.9083189368247986,1.8468456268310547,0.04878658056259155,0.061473309993743896,0.11025989055633545
P16,T03,cls_only,validation,linear_pull_push,0.0,0.0,1.0,0.0,50,17,8,0,0,8,0.6711043119430542,0.6632388830184937,0.8606451749801636,0.8052537441253662,0.3288956880569458,0.33676111698150635,1.8606451749801636,1.8052537441253662,-0.007865428924560547,0.05539143085479736,0.047526001930236816
P16,T03,infonce_baseline,validation,prototype,1.0,2414.61572265625,1.0,0.25,50,17,8,2,2,8,0.6711043119430542,0.9804922342300415,0.8606451749801636,0.6099289655685425,0.3288956880569458,0.019507765769958496,1.8606451749801636,1.6099289655685425,0.3093879222869873,0.2507162094116211,0.5601041316986084
P16,T03,infonce_matched_linear,validation,prototype,0.5,148.59927368164062,1.0,0.5,50,17,8,1,2,8,0.6711043119430542,0.9191279411315918,0.8606451749801636,0.4653891324996948,0.3288956880569458,0.0808720588684082,1.8606451749801636,1.4653891324996948,0.2480236291885376,0.39525604248046875,0.6432796716690063
P16,T03,linear_r0.5_p0.5,validation,linear_pull_push,0.5,131.49847412109375,1.0,0.5,50,17,8,1,3,8,0.6711043119430542,0.9183495044708252,0.8606451749801636,0.44102245569229126,0.3288956880569458,0.0816504955291748,1.8606451749801636,1.4410224556922913,0.247245192527771,0.4196227192878723,0.6668679118156433
P16,T03,linear_r0.5_p0,validation,linear_pull_push,0.5,141.90768432617188,1.0,0.0,50,17,8,1,2,8,0.6711043119430542,0.9955801963806152,0.8606451749801636,0.7312800884246826,0.3288956880569458,0.004419803619384766,1.8606451749801636,1.7312800884246826,0.32447588443756104,0.12936508655548096,0.453840970993042
P16,T04,cls_only,tuning,linear_pull_push,0.0,0.0,1.0,0.0,50,17,8,0,1,8,0.597577691078186,0.6248425841331482,0.8194766044616699,0.775661289691925,0.40242230892181396,0.3751574158668518,1.81947660446167,1.775661289691925,0.027264893054962158,0.04381531476974487,0.07108020782470703
P16,T04,infonce_baseline,tuning,prototype,1.0,2057.932861328125,1.0,0.25,50,17,8,0,1,8,0.597577691078186,0.9766615033149719,0.8194766044616699,0.5371450185775757,0.40242230892181396,0.023338496685028076,1.81947660446167,1.5371450185775757,0.3790838122367859,0.28233158588409424,0.6614153981208801
P16,T04,linear_r0.5_p0.25,tuning,linear_pull_push,0.5,295.6513671875,1.0,0.25,50,17,8,1,1,8,0.597577691078186,0.9779062271118164,0.8194766044616699,0.5357135534286499,0.40242230892181396,0.022093772888183594,1.81947660446167,1.53571355342865,0.38032853603363037,0.28376305103302,0.6640915870666504
P16,T04,linear_r0.5_p0.5,tuning,linear_pull_push,0.5,297.943115234375,1.0,0.5,50,17,8,1,1,8,0.597577691078186,0.9161279797554016,0.8194766044616699,0.36678293347358704,0.40242230892181396,0.08387202024459839,1.81947660446167,1.366782933473587,0.3185502886772156,0.4526936709880829,0.7712439596652985
P16,T04,linear_r0.5_p0,tuning,linear_pull_push,0.5,286.1220397949219,1.0,0.0,50,17,8,1,1,8,0.597577691078186,0.9946646690368652,0.8194766044616699,0.6692991256713867,0.40242230892181396,0.005335330963134766,1.81947660446167,1.6692991256713867,0.3970869779586792,0.1501774787902832,0.5472644567489624
P16,T04,linear_r0.5_p1,tuning,linear_pull_push,0.5,281.8641052246094,1.0,1.0,50,17,8,0,1,8,0.597577691078186,0.6854212284088135,0.8194766044616699,0.053453393280506134,0.40242230892181396,0.3145787715911865,1.81947660446167,1.0534533932805061,0.08784353733062744,0.7660232111811638,0.8538667485117912
P16,T04,linear_r1_p0.25,tuning,linear_pull_push,1.0,586.81640625,1.0,0.25,50,17,8,1,1,8,0.597577691078186,0.9780897498130798,0.8194766044616699,0.5326893925666809,0.40242230892181396,0.021910250186920166,1.81947660446167,1.532689392566681,0.3805120587348938,0.286787211894989,0.6672992706298828
P16,T04,linear_r1_p0.5,tuning,linear_pull_push,1.0,594.97998046875,1.0,0.5,50,17,8,0,1,8,0.597577691078186,0.9151524305343628,0.8194766044616699,0.36333510279655457,0.40242230892181396,0.08484756946563721,1.81947660446167,1.3633351027965546,0.31757473945617676,0.45614150166511536,0.7737162411212921
P16,T04,linear_r1_p0,tuning,linear_pull_push,1.0,574.06494140625,1.0,0.0,50,17,8,1,1,8,0.597577691078186,0.995323657989502,0.8194766044616699,0.6700315475463867,0.40242230892181396,0.004676342010498047,1.81947660446167,1.6700315475463867,0.3977459669113159,0.1494450569152832,0.5471910238265991
P16,T04,linear_r1_p1,tuning,linear_pull_push,1.0,567.2744140625,1.0,1.0,50,17,8,1,1,8,0.597577691078186,0.6849147081375122,0.8194766044616699,0.04676870256662369,0.40242230892181396,0.3150852918624878,1.81947660446167,1.0467687025666237,0.08733701705932617,0.7727079018950462,0.8600449189543724
P16,T04,linear_r2_p0.25,tuning,linear_pull_push,2.0,1169.6231689453125,1.0,0.25,50,17,8,1,1,8,0.597577691078186,0.9777652025222778,0.8194766044616699,0.5296723246574402,0.40242230892181396,0.022234797477722168,1.81947660446167,1.5296723246574402,0.3801875114440918,0.28980427980422974,0.6699917912483215
P16,T04,linear_r2_p0.5,tuning,linear_pull_push,2.0,1190.9710693359375,1.0,0.5,50,17,8,1,1,8,0.597577691078186,0.914364218711853,0.8194766044616699,0.3587791621685028,0.40242230892181396,0.08563578128814697,1.81947660446167,1.3587791621685028,0.316786527633667,0.4606974422931671,0.7774839699268341
P16,T04,linear_r2_p0,tuning,linear_pull_push,2.0,1126.994873046875,1.0,0.0,50,17,8,1,1,8,0.597577691078186,0.9956609606742859,0.8194766044616699,0.6692792177200317,0.40242230892181396,0.004339039325714111,1.81947660446167,1.6692792177200317,0.39808326959609985,0.15019738674163818,0.548280656337738
P16,T04,linear_r2_p1,tuning,linear_pull_push,2.0,1140.3790283203125,1.0,1.0,50,17,8,1,1,8,0.597577691078186,0.6802381277084351,0.8194766044616699,0.040498845279216766,0.40242230892181396,0.31976187229156494,1.81947660446167,1.0404988452792168,0.08266043663024902,0.7789777591824532,0.8616381958127022
P16,T05,cls_only,validation,linear_pull_push,0.0,0.0,1.0,0.0,50,17,8,1,1,8,0.7432546019554138,0.7501252293586731,0.8400374054908752,0.8097418546676636,0.2567453980445862,0.2498747706413269,1.8400374054908752,1.8097418546676636,0.006870627403259277,0.03029555082321167,0.03716617822647095
P16,T05,infonce_baseline,validation,prototype,1.0,10305.951171875,1.0,0.25,50,17,8,3,3,8,0.7432546019554138,0.9849768877029419,0.8400374054908752,0.7362478971481323,0.2567453980445862,0.015023112297058105,1.8400374054908752,1.7362478971481323,0.24172228574752808,0.10378950834274292,0.345511794090271
P16,T05,infonce_matched_linear,validation,prototype,0.5,663.0719604492188,1.0,0.5,50,17,8,3,3,8,0.7432546019554138,0.9259239435195923,0.8400374054908752,0.5797051191329956,0.2567453980445862,0.07407605648040771,1.8400374054908752,1.5797051191329956,0.18266934156417847,0.26033228635787964,0.4430016279220581
P16,T05,linear_r0.5_p0.5,validation,linear_pull_push,0.5,282.7048034667969,1.0,0.5,50,17,8,4,4,8,0.7432546019554138,0.9253410696983337,0.8400374054908752,0.5772678852081299,0.2567453980445862,0.07465893030166626,1.8400374054908752,1.5772678852081299,0.18208646774291992,0.26276952028274536,0.4448559880256653
P16,T05,linear_r0.5_p0,validation,linear_pull_push,0.5,243.52374267578125,1.0,0.0,50,17,8,4,4,8,0.7432546019554138,0.9982525110244751,0.8400374054908752,0.8331703543663025,0.2567453980445862,0.0017474889755249023,1.8400374054908752,1.8331703543663025,0.2549979090690613,0.006867051124572754,0.26186496019363403
P16,T06,cls_only,validation,linear_pull_push,0.0,0.0,1.0,0.0,50,17,8,0,1,8,0.7195830345153809,0.765748143196106,0.8873884081840515,0.8164284825325012,0.28041696548461914,0.23425185680389404,1.8873884081840515,1.8164284825325012,0.0461651086807251,0.07095992565155029,0.11712503433227539
P16,T06,infonce_baseline,validation,prototype,1.0,7430.94287109375,1.0,0.25,50,17,8,3,3,8,0.7195830345153809,0.9849342107772827,0.8873884081840515,0.7262347936630249,0.28041696548461914,0.015065789222717285,1.8873884081840515,1.726234793663025,0.26535117626190186,0.1611536145210266,0.42650479078292847
P16,T06,infonce_matched_linear,validation,prototype,0.5,445.7470703125,1.0,0.5,50,17,8,2,3,8,0.7195830345153809,0.9294912815093994,0.8873884081840515,0.5788153409957886,0.28041696548461914,0.07050871849060059,1.8873884081840515,1.5788153409957886,0.20990824699401855,0.30857306718826294,0.5184813141822815
P16,T06,linear_r0.5_p0.5,validation,linear_pull_push,0.5,255.79396057128906,1.0,0.5,50,17,8,1,1,8,0.7195830345153809,0.9279350638389587,0.8873884081840515,0.5712305307388306,0.28041696548461914,0.07206493616104126,1.8873884081840515,1.5712305307388306,0.20835202932357788,0.31615787744522095,0.5245099067687988
P16,T06,linear_r0.5_p0,validation,linear_pull_push,0.5,239.65573120117188,1.0,0.0,50,17,8,2,2,8,0.7195830345153809,0.9974380731582642,0.8873884081840515,0.8236021995544434,0.28041696548461914,0.00256192684173584,1.8873884081840515,1.8236021995544434,0.2778550386428833,0.06378620862960815,0.34164124727249146
P16,T07,cls_only,validation,linear_pull_push,0.0,0.0,1.0,0.0,50,17,5,0,0,8,0.606122612953186,0.6979186534881592,0.8346399664878845,0.6900150775909424,0.39387738704681396,0.3020813465118408,1.8346399664878845,1.6900150775909424,0.09179604053497314,0.14462488889694214,0.23642092943191528
P16,T07,infonce_baseline,validation,prototype,1.0,3298.340576171875,1.0,0.25,50,17,8,5,6,8,0.606122612953186,0.9799445867538452,0.8346399664878845,0.584503173828125,0.39387738704681396,0.020055413246154785,1.8346399664878845,1.584503173828125,0.3738219738006592,0.2501367926597595,0.6239587664604187
P16,T07,infonce_matched_linear,validation,prototype,0.5,226.01528930664062,1.0,0.5,50,17,8,2,4,8,0.606122612953186,0.9120076894760132,0.8346399664878845,0.40808436274528503,0.39387738704681396,0.08799231052398682,1.8346399664878845,1.408084362745285,0.30588507652282715,0.4265556037425995,0.7324406802654266
P16,T07,linear_r0.5_p0.5,validation,linear_pull_push,0.5,260.0477600097656,1.0,0.5,50,17,8,5,6,8,0.606122612953186,0.9110009670257568,0.8346399664878845,0.396093487739563,0.39387738704681396,0.08899903297424316,1.8346399664878845,1.396093487739563,0.3048783540725708,0.43854647874832153,0.7434248328208923
P16,T07,linear_r0.5_p0,validation,linear_pull_push,0.5,261.58172607421875,1.0,0.0,50,17,8,6,6,8,0.606122612953186,0.9970734119415283,0.8346399664878845,0.7203623056411743,0.39387738704681396,0.0029265880584716797,1.8346399664878845,1.7203623056411743,0.3909507989883423,0.1142776608467102,0.5052284598350525
P16,T08,cls_only,tuning,linear_pull_push,0.0,0.0,1.0,0.0,50,17,8,0,0,8,0.6220905780792236,0.6866776943206787,0.8557641506195068,0.8022509217262268,0.37790942192077637,0.3133223056793213,1.8557641506195068,1.8022509217262268,0.06458711624145508,0.05351322889328003,0.11810034513473511
P16,T08,infonce_baseline,tuning,prototype,1.0,1675.9921875,1.0,0.25,50,17,8,3,3,8,0.6220905780792236,0.9827749729156494,0.8557641506195068,0.6429803371429443,0.37790942192077637,0.017225027084350586,1.8557641506195068,1.6429803371429443,0.3606843948364258,0.2127838134765625,0.5734682083129883
P16,T08,linear_r0.5_p0.25,tuning,linear_pull_push,0.5,128.40060424804688,1.0,0.25,50,17,8,2,3,8,0.6220905780792236,0.9831060171127319,0.8557641506195068,0.6446850895881653,0.37790942192077637,0.016893982887268066,1.8557641506195068,1.6446850895881653,0.3610154390335083,0.21107906103134155,0.5720945000648499
P16,T08,linear_r0.5_p0.5,tuning,linear_pull_push,0.5,136.53697204589844,1.0,0.5,50,17,8,3,4,8,0.6220905780792236,0.9222446084022522,0.8557641506195068,0.47620558738708496,0.37790942192077637,0.0777553915977478,1.8557641506195068,1.476205587387085,0.30015403032302856,0.3795585632324219,0.6797125935554504
P16,T08,linear_r0.5_p0,tuning,linear_pull_push,0.5,117.7922592163086,1.0,0.0,50,17,8,2,2,8,0.6220905780792236,0.9965789318084717,0.8557641506195068,0.7592705488204956,0.37790942192077637,0.0034210681915283203,1.8557641506195068,1.7592705488204956,0.37448835372924805,0.09649360179901123,0.4709819555282593
P16,T08,linear_r0.5_p1,tuning,linear_pull_push,0.5,140.6554412841797,1.0,1.0,50,17,8,1,2,8,0.6220905780792236,0.6175321340560913,0.8557641506195068,0.0643753856420517,0.37790942192077637,0.3824678659439087,1.8557641506195068,1.0643753856420517,-0.004558444023132324,0.7913887649774551,0.7868303209543228
P16,T08,linear_r1_p0.25,tuning,linear_pull_push,1.0,256.2528381347656,1.0,0.25,50,17,8,2,3,8,0.6220905780792236,0.9823008179664612,0.8557641506195068,0.6389162540435791,0.37790942192077637,0.01769918203353882,1.8557641506195068,1.638916254043579,0.36021023988723755,0.21684789657592773,0.5770581364631653
P16,T08,linear_r1_p0.5,tuning,linear_pull_push,1.0,274.0370788574219,1.0,0.5,50,17,8,2,4,8,0.6220905780792236,0.9185255765914917,0.8557641506195068,0.4662476181983948,0.37790942192077637,0.0814744234085083,1.8557641506195068,1.4662476181983948,0.29643499851226807,0.38951653242111206,0.6859515309333801
P16,T08,linear_r1_p0,tuning,linear_pull_push,1.0,235.1804656982422,1.0,0.0,50,17,8,2,3,8,0.6220905780792236,0.9968924522399902,0.8557641506195068,0.7604205012321472,0.37790942192077637,0.0031075477600097656,1.8557641506195068,1.7604205012321472,0.3748018741607666,0.09534364938735962,0.4701455235481262
P16,T08,linear_r1_p1,tuning,linear_pull_push,1.0,282.0309753417969,1.0,1.0,50,17,8,2,2,8,0.6220905780792236,0.6139644384384155,0.8557641506195068,0.054310038685798645,0.37790942192077637,0.3860355615615845,1.8557641506195068,1.0543100386857986,-0.008126139640808105,0.8014541119337082,0.7933279722929001
P16,T08,linear_r2_p0.25,tuning,linear_pull_push,2.0,513.9032592773438,1.0,0.25,50,17,8,3,3,8,0.6220905780792236,0.9824137091636658,0.8557641506195068,0.6365767121315002,0.37790942192077637,0.01758629083633423,1.8557641506195068,1.6365767121315002,0.36032313108444214,0.2191874384880066,0.5795105695724487
P16,T08,linear_r2_p0.5,tuning,linear_pull_push,2.0,546.9446411132812,1.0,0.5,50,17,8,3,3,8,0.6220905780792236,0.9193921089172363,0.8557641506195068,0.4659082293510437,0.37790942192077637,0.08060789108276367,1.8557641506195068,1.4659082293510437,0.2973015308380127,0.38985592126846313,0.6871574521064758
P16,T08,linear_r2_p0,tuning,linear_pull_push,2.0,469.94244384765625,1.0,0.0,50,17,8,2,3,8,0.6220905780792236,0.9979438185691833,0.8557641506195068,0.753907322883606,0.37790942192077637,0.0020561814308166504,1.8557641506195068,1.753907322883606,0.3758532404899597,0.10185682773590088,0.4777100682258606
P16,T08,linear_r2_p1,tuning,linear_pull_push,2.0,563.5233764648438,1.0,1.0,50,17,8,2,2,8,0.6220905780792236,0.6082862615585327,0.8557641506195068,0.04588993638753891,0.37790942192077637,0.3917137384414673,1.8557641506195068,1.045889936387539,-0.013804316520690918,0.8098742142319679,0.796069897711277
P16,T09,cls_only,validation,linear_pull_push,0.0,0.0,1.0,0.0,50,17,8,0,0,8,0.6509946584701538,0.6747950911521912,0.8282024264335632,0.7974323034286499,0.3490053415298462,0.32520490884780884,1.8282024264335632,1.79743230342865,0.023800432682037354,0.03077012300491333,0.054570555686950684
P16,T09,infonce_baseline,validation,prototype,1.0,2210.618408203125,1.0,0.25,50,17,8,3,3,8,0.6509946584701538,0.9822419881820679,0.8282024264335632,0.6534633636474609,0.3490053415298462,0.01775801181793213,1.8282024264335632,1.653463363647461,0.33124732971191406,0.1747390627861023,0.5059863924980164
P16,T09,infonce_matched_linear,validation,prototype,0.5,171.50833129882812,1.0,0.5,50,17,8,3,4,8,0.6509946584701538,0.9193409085273743,0.8282024264335632,0.4878814220428467,0.3490053415298462,0.08065909147262573,1.8282024264335632,1.4878814220428467,0.26834625005722046,0.34032100439071655,0.608667254447937
P16,T09,linear_r0.5_p0.5,validation,linear_pull_push,0.5,160.9500732421875,1.0,0.5,50,17,8,3,4,8,0.6509946584701538,0.9176874160766602,0.8282024264335632,0.480577677488327,0.3490053415298462,0.08231258392333984,1.8282024264335632,1.480577677488327,0.26669275760650635,0.3476247489452362,0.6143175065517426
P16,T09,linear_r0.5_p0,validation,linear_pull_push,0.5,130.55931091308594,1.0,0.0,50,17,8,3,4,8,0.6509946584701538,0.9970517158508301,0.8282024264335632,0.7720914483070374,0.3490053415298462,0.002948284149169922,1.8282024264335632,1.7720914483070374,0.34605705738067627,0.05611097812652588,0.40216803550720215
P16,T10,cls_only,validation,linear_pull_push,0.0,0.0,1.0,0.0,50,17,8,0,0,8,0.6433749794960022,0.6916943788528442,0.8529804944992065,0.8353415727615356,0.3566250205039978,0.30830562114715576,1.8529804944992065,1.8353415727615356,0.04831939935684204,0.0176389217376709,0.06595832109451294
P16,T10,infonce_baseline,validation,prototype,1.0,3579.019287109375,1.0,0.25,50,17,6,0,1,8,0.6433749794960022,0.9697635769844055,0.8529804944992065,0.6638385653495789,0.3566250205039978,0.030236423015594482,1.8529804944992065,1.6638385653495789,0.3263885974884033,0.18914192914962769,0.515530526638031
P16,T10,infonce_matched_linear,validation,prototype,0.5,255.48304748535156,1.0,0.5,50,17,7,0,1,8,0.6433749794960022,0.9184234142303467,0.8529804944992065,0.5369052290916443,0.3566250205039978,0.08157658576965332,1.8529804944992065,1.5369052290916443,0.2750484347343445,0.31607526540756226,0.5911237001419067
P16,T10,linear_r0.5_p0.5,validation,linear_pull_push,0.5,222.1306915283203,1.0,0.5,50,17,8,1,1,8,0.6433749794960022,0.9294646978378296,0.8529804944992065,0.49519842863082886,0.3566250205039978,0.07053530216217041,1.8529804944992065,1.4951984286308289,0.2860897183418274,0.3577820658683777,0.6438717842102051
P16,T10,linear_r0.5_p0,validation,linear_pull_push,0.5,184.51409912109375,1.0,0.0,50,17,8,0,1,8,0.6433749794960022,0.9965119957923889,0.8529804944992065,0.7571732401847839,0.3566250205039978,0.003488004207611084,1.8529804944992065,1.757173240184784,0.3531370162963867,0.09580725431442261,0.4489442706108093
P19,T01,cls_only,validation,linear_pull_push,0.0,0.0,1.0,0.0,50,15,8,2,5,8,0.965239405632019,0.9694103002548218,0.9851623773574829,0.977663516998291,0.03476059436798096,0.030589699745178223,1.985162377357483,1.977663516998291,0.004170894622802734,0.0074988603591918945,0.011669754981994629
P19,T01,infonce_baseline,validation,prototype,0.5,30642.42578125,1.0,0.5,50,15,8,8,8,8,0.965239405632019,0.9899070858955383,0.9851623773574829,0.9521434903144836,0.03476059436798096,0.01009291410446167,1.985162377357483,1.9521434903144836,0.024667680263519287,0.03301888704299927,0.057686567306518555
P19,T01,infonce_matched_linear,validation,prototype,1.0,61178.36328125,1.0,0.5,50,15,8,8,8,8,0.965239405632019,0.9895569682121277,0.9851623773574829,0.9505156874656677,0.03476059436798096,0.010443031787872314,1.985162377357483,1.9505156874656677,0.024317562580108643,0.034646689891815186,0.05896425247192383
P19,T01,linear_r1_p0.5,validation,linear_pull_push,1.0,5300.99853515625,1.0,0.5,50,15,8,8,8,8,0.965239405632019,0.9892258644104004,0.9851623773574829,0.9496636986732483,0.03476059436798096,0.01077413558959961,1.985162377357483,1.9496636986732483,0.023986458778381348,0.03549867868423462,0.05948513746261597
P19,T01,linear_r1_p0,validation,linear_pull_push,1.0,4070.68017578125,1.0,0.0,50,15,8,7,7,8,0.965239405632019,0.9994449615478516,0.9851623773574829,0.9832165837287903,0.03476059436798096,0.0005550384521484375,1.985162377357483,1.9832165837287903,0.03420555591583252,0.001945793628692627,0.036151349544525146
P19,T02,cls_only,tuning,linear_pull_push,0.0,0.0,1.0,0.0,50,15,2,0,0,8,0.9683269262313843,0.9711583852767944,0.9875391721725464,0.9794594049453735,0.03167307376861572,0.028841614723205566,1.9875391721725464,1.9794594049453735,0.0028314590454101562,0.008079767227172852,0.010911226272583008
P19,T02,infonce_baseline,tuning,prototype,0.5,34881.38671875,1.0,0.5,50,15,8,7,8,8,0.9683269262313843,0.9912362694740295,0.9875391721725464,0.9508193731307983,0.03167307376861572,0.008763730525970459,1.9875391721725464,1.9508193731307983,0.022909343242645264,0.03671979904174805,0.05962914228439331
P19,T02,linear_r0.25_p0.25,tuning,linear_pull_push,0.25,1398.865966796875,1.0,0.25,50,15,8,6,8,8,0.9683269262313843,0.9972864985466003,0.9875391721725464,0.9692407846450806,0.03167307376861572,0.002713501453399658,1.9875391721725464,1.9692407846450806,0.028959572315216064,0.01829838752746582,0.047257959842681885
P19,T02,linear_r0.25_p0.5,tuning,linear_pull_push,0.25,1490.1976318359375,1.0,0.5,50,15,8,6,8,8,0.9683269262313843,0.9916479587554932,0.9875391721725464,0.9538962841033936,0.03167307376861572,0.008352041244506836,1.9875391721725464,1.9538962841033936,0.023321032524108887,0.03364288806915283,0.05696392059326172
P19,T02,linear_r0.25_p0,tuning,linear_pull_push,0.25,1323.4129638671875,1.0,0.0,50,15,7,3,5,8,0.9683269262313843,0.9977038502693176,0.9875391721725464,0.9797166585922241,0.03167307376861572,0.002296149730682373,1.9875391721725464,1.9797166585922241,0.02937692403793335,0.007822513580322266,0.037199437618255615
P19,T02,linear_r0.25_p1,tuning,linear_pull_push,0.25,1559.9541015625,1.0,1.0,50,15,8,4,8,8,0.9683269262313843,0.8997927904129028,0.9875391721725464,0.8415651321411133,0.03167307376861572,0.10020720958709717,1.9875391721725464,1.8415651321411133,-0.06853413581848145,0.1459740400314331,0.07743990421295166
P19,T02,linear_r0.5_p0.25,tuning,linear_pull_push,0.5,2798.86572265625,1.0,0.25,50,15,8,6,8,8,0.9683269262313843,0.9977339506149292,0.9875391721725464,0.9678469896316528,0.03167307376861572,0.0022660493850708008,1.9875391721725464,1.9678469896316528,0.029407024383544922,0.019692182540893555,0.04909920692443848
P19,T02,linear_r0.5_p0.5,tuning,linear_pull_push,0.5,2985.16357421875,1.0,0.5,50,15,8,7,8,8,0.9683269262313843,0.9911743998527527,0.9875391721725464,0.950488805770874,0.03167307376861572,0.008825600147247314,1.9875391721725464,1.950488805770874,0.022847473621368408,0.03705036640167236,0.05989784002304077
P19,T02,linear_r0.5_p0,tuning,linear_pull_push,0.5,2612.962646484375,1.0,0.0,50,15,8,4,6,8,0.9683269262313843,0.9991132020950317,0.9875391721725464,0.9788175821304321,0.03167307376861572,0.0008867979049682617,1.9875391721725464,1.9788175821304321,0.03078627586364746,0.008721590042114258,0.03950786590576172
P19,T02,linear_r0.5_p1,tuning,linear_pull_push,0.5,3107.37841796875,1.0,1.0,50,15,8,6,8,8,0.9683269262313843,0.8793175220489502,0.9875391721725464,0.8157009482383728,0.03167307376861572,0.1206824779510498,1.9875391721725464,1.8157009482383728,-0.08900940418243408,0.17183822393417358,0.0828288197517395
P19,T02,linear_r1_p0.25,tuning,linear_pull_push,1.0,5627.69482421875,1.0,0.25,50,15,8,6,8,8,0.9683269262313843,0.9978865385055542,0.9875391721725464,0.9669705629348755,0.03167307376861572,0.0021134614944458008,1.9875391721725464,1.9669705629348755,0.029559612274169922,0.0205686092376709,0.05012822151184082
P19,T02,linear_r1_p0.5,tuning,linear_pull_push,1.0,5967.49609375,1.0,0.5,50,15,8,7,8,8,0.9683269262313843,0.9907892346382141,0.9875391721725464,0.9484383463859558,0.03167307376861572,0.009210765361785889,1.9875391721725464,1.9484383463859558,0.022462308406829834,0.039100825786590576,0.06156313419342041
P19,T02,linear_r1_p0,tuning,linear_pull_push,1.0,5182.5693359375,1.0,0.0,50,15,8,4,5,8,0.9683269262313843,0.9992436170578003,0.9875391721725464,0.9786511659622192,0.03167307376861572,0.000756382942199707,1.9875391721725464,1.9786511659622192,0.030916690826416016,0.008888006210327148,0.039804697036743164
P19,T02,linear_r1_p1,tuning,linear_pull_push,1.0,6193.37353515625,1.0,1.0,50,15,8,6,8,8,0.9683269262313843,0.8628778457641602,0.9875391721725464,0.7963137626647949,0.03167307376861572,0.13712215423583984,1.9875391721725464,1.796313762664795,-0.10544908046722412,0.19122540950775146,0.08577632904052734
P19,T02,smoke_cls,smoke,linear_pull_push,0.0,0.0,1.0,0.0,1,15,0,0,0,8,0.9683269262313843,0.9699562788009644,0.9875391721725464,0.9858794212341309,0.03167307376861572,0.030043721199035645,1.9875391721725464,1.9858794212341309,0.0016293525695800781,0.0016597509384155273,0.0032891035079956055
P19,T02,smoke_infonce,smoke,prototype,0.5,34755.39453125,1.0,0.5,1,15,0,0,0,8,0.9683269262313843,0.9770745038986206,0.9875391721725464,0.9863433837890625,0.03167307376861572,0.022925496101379395,1.9875391721725464,1.9863433837890625,0.008747577667236328,0.0011957883834838867,0.009943366050720215
P19,T02,smoke_linear,smoke,linear_pull_push,1.0,6203.080078125,1.0,1.0,1,15,0,0,0,8,0.9683269262313843,0.9773560762405396,0.9875391721725464,0.984974205493927,0.03167307376861572,0.02264392375946045,1.9875391721725464,1.984974205493927,0.009029150009155273,0.0025649666786193848,0.011594116687774658
P19,T03,cls_only,validation,linear_pull_push,0.0,0.0,1.0,0.0,50,15,7,0,1,8,0.9580999612808228,0.9686605930328369,0.9781890511512756,0.9751038551330566,0.041900038719177246,0.031339406967163086,1.9781890511512756,1.9751038551330566,0.01056063175201416,0.003085196018218994,0.013645827770233154
P19,T03,infonce_baseline,validation,prototype,0.5,17498.353515625,1.0,0.5,50,15,7,5,7,8,0.9580999612808228,0.9887043237686157,0.9781890511512756,0.945472776889801,0.041900038719177246,0.011295676231384277,1.9781890511512756,1.945472776889801,0.03060436248779297,0.03271627426147461,0.06332063674926758
P19,T03,infonce_matched_linear,validation,prototype,1.0,34922.34765625,1.0,0.5,50,15,8,3,7,8,0.9580999612808228,0.9890239238739014,0.9781890511512756,0.941012978553772,0.041900038719177246,0.010976076126098633,1.9781890511512756,1.941012978553772,0.030923962593078613,0.03717607259750366,0.06810003519058228
P19,T03,linear_r1_p0.5,validation,linear_pull_push,1.0,3295.22021484375,1.0,0.5,50,15,8,5,8,8,0.9580999612808228,0.9887465238571167,0.9781890511512756,0.9397544860839844,0.041900038719177246,0.0112534761428833,1.9781890511512756,1.9397544860839844,0.030646562576293945,0.03843456506729126,0.0690811276435852
P19,T03,linear_r1_p0,validation,linear_pull_push,1.0,2828.008544921875,1.0,0.0,50,15,7,3,3,8,0.9580999612808228,0.9983508586883545,0.9781890511512756,0.9746178388595581,0.041900038719177246,0.0016491413116455078,1.9781890511512756,1.974617838859558,0.04025089740753174,0.0035712122917175293,0.04382210969924927
P19,T04,cls_only,tuning,linear_pull_push,0.0,0.0,1.0,0.0,50,15,8,0,0,8,0.9637448787689209,0.9684542417526245,0.9794794917106628,0.9720538854598999,0.0362551212310791,0.03154575824737549,1.9794794917106628,1.9720538854599,0.004709362983703613,0.0074256062507629395,0.012134969234466553
P19,T04,infonce_baseline,tuning,prototype,0.5,55040.8515625,1.0,0.5,50,15,8,5,5,8,0.9637448787689209,0.9868372678756714,0.9794794917106628,0.9424874782562256,0.0362551212310791,0.013162732124328613,1.9794794917106628,1.9424874782562256,0.02309238910675049,0.036992013454437256,0.060084402561187744
P19,T04,linear_r0.25_p0.25,tuning,linear_pull_push,0.25,2123.115478515625,1.0,0.25,50,15,8,5,5,8,0.9637448787689209,0.9970628619194031,0.9794794917106628,0.969139575958252,0.0362551212310791,0.002937138080596924,1.9794794917106628,1.969139575958252,0.03331798315048218,0.010339915752410889,0.043657898902893066
P19,T04,linear_r0.25_p0.5,tuning,linear_pull_push,0.25,2397.485595703125,1.0,0.5,50,15,8,6,6,8,0.9637448787689209,0.9866933226585388,0.9794794917106628,0.9424909353256226,0.0362551212310791,0.013306677341461182,1.9794794917106628,1.9424909353256226,0.02294844388961792,0.03698855638504028,0.0599370002746582
P19,T04,linear_r0.25_p0,tuning,linear_pull_push,0.25,1827.7646484375,1.0,0.0,50,15,8,2,2,8,0.9637448787689209,0.9985821843147278,0.9794794917106628,0.980843186378479,0.0362551212310791,0.0014178156852722168,1.9794794917106628,1.980843186378479,0.034837305545806885,-0.0013636946678161621,0.03347361087799072
P19,T04,linear_r0.25_p1,tuning,linear_pull_push,0.25,2834.637451171875,1.0,1.0,50,15,8,5,5,8,0.9637448787689209,0.679826021194458,0.9794794917106628,0.5769108533859253,0.0362551212310791,0.320173978805542,1.9794794917106628,1.5769108533859253,-0.2839188575744629,0.40256863832473755,0.11864978075027466
P19,T04,linear_r0.5_p0.25,tuning,linear_pull_push,0.5,4192.392578125,1.0,0.25,50,15,8,6,7,8,0.9637448787689209,0.9971122741699219,0.9794794917106628,0.9688887596130371,0.0362551212310791,0.002887725830078125,1.9794794917106628,1.968888759613037,0.03336739540100098,0.010590732097625732,0.04395812749862671
P19,T04,linear_r0.5_p0.5,tuning,linear_pull_push,0.5,4799.3994140625,1.0,0.5,50,15,8,6,7,8,0.9637448787689209,0.9864632487297058,0.9794794917106628,0.941564679145813,0.0362551212310791,0.01353675127029419,1.9794794917106628,1.941564679145813,0.022718369960784912,0.037914812564849854,0.060633182525634766
P19,T04,linear_r0.5_p0,tuning,linear_pull_push,0.5,3672.50244140625,1.0,0.0,50,15,8,1,1,8,0.9637448787689209,0.9986919164657593,0.9794794917106628,0.9807752370834351,0.0362551212310791,0.0013080835342407227,1.9794794917106628,1.980775237083435,0.03494703769683838,-0.0012957453727722168,0.03365129232406616
P19,T04,linear_r0.5_p1,tuning,linear_pull_push,0.5,5635.64599609375,1.0,1.0,50,15,8,5,5,8,0.9637448787689209,0.668813943862915,0.9794794917106628,0.5639040470123291,0.0362551212310791,0.33118605613708496,1.9794794917106628,1.563904047012329,-0.29493093490600586,0.41557544469833374,0.12064450979232788
P19,T04,linear_r1_p0.25,tuning,linear_pull_push,1.0,8511.90234375,1.0,0.25,50,15,8,4,4,8,0.9637448787689209,0.9970143437385559,0.9794794917106628,0.9683613777160645,0.0362551212310791,0.002985656261444092,1.9794794917106628,1.9683613777160645,0.03326946496963501,0.011118113994598389,0.0443875789642334
P19,T04,linear_r1_p0.5,tuning,linear_pull_push,1.0,9587.240234375,1.0,0.5,50,15,8,7,7,8,0.9637448787689209,0.9867000579833984,0.9794794917106628,0.9417586326599121,0.0362551212310791,0.013299942016601562,1.9794794917106628,1.941758632659912,0.02295517921447754,0.03772085905075073,0.06067603826522827
P19,T04,linear_r1_p0,tuning,linear_pull_push,1.0,7292.18115234375,1.0,0.0,50,15,8,2,2,8,0.9637448787689209,0.9987211227416992,0.9794794917106628,0.9806696176528931,0.0362551212310791,0.0012788772583007812,1.9794794917106628,1.980669617652893,0.03497624397277832,-0.0011901259422302246,0.033786118030548096
P19,T04,linear_r1_p1,tuning,linear_pull_push,1.0,11121.2197265625,1.0,1.0,50,15,8,5,5,8,0.9637448787689209,0.6720186471939087,0.9794794917106628,0.5668878555297852,0.0362551212310791,0.3279813528060913,1.9794794917106628,1.5668878555297852,-0.2917262315750122,0.4125916361808777,0.12086540460586548
P19,T05,cls_only,validation,linear_pull_push,0.0,0.0,1.0,0.0,50,15,8,4,5,8,0.9787524342536926,0.9786397814750671,0.9845665097236633,0.980189859867096,0.021247565746307373,0.02136021852493286,1.9845665097236633,1.980189859867096,-0.00011265277862548828,0.004376649856567383,0.0042639970779418945
P19,T05,infonce_baseline,validation,prototype,0.5,232183.921875,1.0,0.5,50,15,8,8,8,8,0.9787524342536926,0.9914401769638062,0.9845665097236633,0.9653165340423584,0.021247565746307373,0.008559823036193848,1.9845665097236633,1.9653165340423584,0.012687742710113525,0.01924997568130493,0.03193771839141846
P19,T05,infonce_matched_linear,validation,prototype,1.0,459575.9375,1.0,0.5,50,15,8,8,8,8,0.9787524342536926,0.9913150072097778,0.9845665097236633,0.9650359153747559,0.021247565746307373,0.008684992790222168,1.9845665097236633,1.9650359153747559,0.012562572956085205,0.01953059434890747,0.032093167304992676
P19,T05,linear_r1_p0.5,validation,linear_pull_push,1.0,35624.55078125,1.0,0.5,50,15,8,8,8,8,0.9787524342536926,0.9914448261260986,0.9845665097236633,0.965300440788269,0.021247565746307373,0.008555173873901367,1.9845665097236633,1.965300440788269,0.012692391872406006,0.019266068935394287,0.03195846080780029
P19,T05,linear_r1_p0,validation,linear_pull_push,1.0,23627.814453125,1.0,0.0,50,15,8,5,5,8,0.9787524342536926,0.9994099140167236,0.9845665097236633,0.9899492263793945,0.021247565746307373,0.0005900859832763672,1.9845665097236633,1.9899492263793945,0.020657479763031006,-0.005382716655731201,0.015274763107299805
P19,T06,cls_only,validation,linear_pull_push,0.0,0.0,1.0,0.0,50,15,8,2,3,8,0.9716672897338867,0.9760366678237915,0.9857290983200073,0.9780835509300232,0.02833271026611328,0.023963332176208496,1.9857290983200073,1.9780835509300232,0.004369378089904785,0.007645547389984131,0.012014925479888916
P19,T06,infonce_baseline,validation,prototype,0.5,84565.765625,1.0,0.5,50,15,8,8,8,8,0.9716672897338867,0.9923372268676758,0.9857290983200073,0.9652597904205322,0.02833271026611328,0.007662773132324219,1.9857290983200073,1.9652597904205322,0.020669937133789062,0.020469307899475098,0.04113924503326416
P19,T06,infonce_matched_linear,validation,prototype,1.0,170080.109375,1.0,0.5,50,15,8,8,8,8,0.9716672897338867,0.9922616481781006,0.9857290983200073,0.9650154113769531,0.02833271026611328,0.007738351821899414,1.9857290983200073,1.9650154113769531,0.020594358444213867,0.0207136869430542,0.041308045387268066
P19,T06,linear_r1_p0.5,validation,linear_pull_push,1.0,14037.6845703125,1.0,0.5,50,15,8,8,8,8,0.9716672897338867,0.9922277331352234,0.9857290983200073,0.964828372001648,0.02833271026611328,0.007772266864776611,1.9857290983200073,1.964828372001648,0.02056044340133667,0.020900726318359375,0.041461169719696045
P19,T06,linear_r1_p0,validation,linear_pull_push,1.0,10656.9423828125,1.0,0.0,50,15,8,8,8,8,0.9716672897338867,0.9994094967842102,0.9857290983200073,0.9883680939674377,0.02833271026611328,0.0005905032157897949,1.9857290983200073,1.9883680939674377,0.027742207050323486,-0.00263899564743042,0.025103211402893066
P19,T07,cls_only,validation,linear_pull_push,0.0,0.0,1.0,0.0,50,15,7,1,2,8,0.9672713279724121,0.9644802212715149,0.9838212728500366,0.9751193523406982,0.03272867202758789,0.03551977872848511,1.9838212728500366,1.9751193523406982,-0.002791106700897217,0.008701920509338379,0.005910813808441162
P19,T07,infonce_baseline,validation,prototype,0.5,40238.73828125,1.0,0.5,50,15,8,6,8,8,0.9672713279724121,0.9903784394264221,0.9838212728500366,0.9511761665344238,0.03272867202758789,0.00962156057357788,1.9838212728500366,1.9511761665344238,0.02310711145401001,0.03264510631561279,0.0557522177696228
P19,T07,infonce_matched_linear,validation,prototype,1.0,80527.265625,1.0,0.5,50,15,8,7,8,8,0.9672713279724121,0.990192174911499,0.9838212728500366,0.9492101669311523,0.03272867202758789,0.009807825088500977,1.9838212728500366,1.9492101669311523,0.022920846939086914,0.03461110591888428,0.05753195285797119
P19,T07,linear_r1_p0.5,validation,linear_pull_push,1.0,7093.2919921875,1.0,0.5,50,15,8,7,7,8,0.9672713279724121,0.9899386167526245,0.9838212728500366,0.948206901550293,0.03272867202758789,0.010061383247375488,1.9838212728500366,1.948206901550293,0.022667288780212402,0.03561437129974365,0.058281660079956055
P19,T07,linear_r1_p0,validation,linear_pull_push,1.0,5712.03515625,1.0,0.0,50,15,8,3,3,8,0.9672713279724121,0.9991785287857056,0.9838212728500366,0.9812475442886353,0.03272867202758789,0.0008214712142944336,1.9838212728500366,1.9812475442886353,0.03190720081329346,0.002573728561401367,0.034480929374694824
P19,T08,cls_only,tuning,linear_pull_push,0.0,0.0,1.0,0.0,50,15,8,1,1,8,0.9664304852485657,0.9686230421066284,0.9852563142776489,0.9780759215354919,0.033569514751434326,0.03137695789337158,1.985256314277649,1.978075921535492,0.002192556858062744,0.007180392742156982,0.009372949600219727
P19,T08,infonce_baseline,tuning,prototype,0.5,27955.08203125,1.0,0.5,50,15,8,8,8,8,0.9664304852485657,0.9872505068778992,0.9852563142776489,0.9446539878845215,0.033569514751434326,0.01274949312210083,1.985256314277649,1.9446539878845215,0.020820021629333496,0.04060232639312744,0.06142234802246094
P19,T08,linear_r0.25_p0.25,tuning,linear_pull_push,0.25,1020.0623168945312,1.0,0.25,50,15,8,8,8,8,0.9664304852485657,0.9974699020385742,0.9852563142776489,0.9716506004333496,0.033569514751434326,0.0025300979614257812,1.985256314277649,1.9716506004333496,0.031039416790008545,0.013605713844299316,0.04464513063430786
P19,T08,linear_r0.25_p0.5,tuning,linear_pull_push,0.25,1188.6036376953125,1.0,0.5,50,15,8,8,8,8,0.9664304852485657,0.9875954389572144,0.9852563142776489,0.9461553692817688,0.033569514751434326,0.012404561042785645,1.985256314277649,1.9461553692817688,0.02116495370864868,0.03910094499588013,0.06026589870452881
P19,T08,linear_r0.25_p0,tuning,linear_pull_push,0.25,868.0313720703125,1.0,0.0,50,15,8,6,6,8,0.9664304852485657,0.9989516735076904,0.9852563142776489,0.9827485084533691,0.033569514751434326,0.0010483264923095703,1.985256314277649,1.9827485084533691,0.032521188259124756,0.002507805824279785,0.03502899408340454
P19,T08,linear_r0.25_p1,tuning,linear_pull_push,0.25,1332.9495849609375,1.0,1.0,50,15,8,8,8,8,0.9664304852485657,0.5537399649620056,0.9852563142776489,0.44152140617370605,0.033569514751434326,0.4462600350379944,1.985256314277649,1.441521406173706,-0.41269052028656006,0.5437349081039429,0.1310443878173828
P19,T08,linear_r0.5_p0.25,tuning,linear_pull_push,0.5,2042.293701171875,1.0,0.25,50,15,8,8,8,8,0.9664304852485657,0.9975969195365906,0.9852563142776489,0.9715938568115234,0.033569514751434326,0.002403080463409424,1.985256314277649,1.9715938568115234,0.031166434288024902,0.013662457466125488,0.04482889175415039
P19,T08,linear_r0.5_p0.5,tuning,linear_pull_push,0.5,2382.477294921875,1.0,0.5,50,15,8,8,8,8,0.9664304852485657,0.9871296286582947,0.9852563142776489,0.9444570541381836,0.033569514751434326,0.012870371341705322,1.985256314277649,1.9444570541381836,0.020699143409729004,0.04079926013946533,0.061498403549194336
P19,T08,linear_r0.5_p0,tuning,linear_pull_push,0.5,1743.74072265625,1.0,0.0,50,15,8,4,6,8,0.9664304852485657,0.9990849494934082,0.9852563142776489,0.9825167059898376,0.033569514751434326,0.0009150505065917969,1.985256314277649,1.9825167059898376,0.03265446424484253,0.0027396082878112793,0.03539407253265381
P19,T08,linear_r0.5_p1,tuning,linear_pull_push,0.5,2674.7861328125,1.0,1.0,50,15,8,7,8,8,0.9664304852485657,0.5263198018074036,0.9852563142776489,0.408162921667099,0.033569514751434326,0.47368019819259644,1.985256314277649,1.408162921667099,-0.4401106834411621,0.5770933926105499,0.13698270916938782
P19,T08,linear_r1_p0.25,tuning,linear_pull_push,1.0,4086.970703125,1.0,0.25,50,15,8,8,8,8,0.9664304852485657,0.9975631237030029,0.9852563142776489,0.9712406396865845,0.033569514751434326,0.0024368762969970703,1.985256314277649,1.9712406396865845,0.031132638454437256,0.014015674591064453,0.04514831304550171
P19,T08,linear_r1_p0.5,tuning,linear_pull_push,1.0,4751.79296875,1.0,0.5,50,15,8,8,8,8,0.9664304852485657,0.9869030714035034,0.9852563142776489,0.9438685178756714,0.033569514751434326,0.013096928596496582,1.985256314277649,1.9438685178756714,0.020472586154937744,0.04138779640197754,0.06186038255691528
P19,T08,linear_r1_p0,tuning,linear_pull_push,1.0,3478.007080078125,1.0,0.0,50,15,8,6,7,8,0.9664304852485657,0.999109148979187,0.9852563142776489,0.9828352928161621,0.033569514751434326,0.0008908510208129883,1.985256314277649,1.982835292816162,0.03267866373062134,0.0024210214614868164,0.035099685192108154
P19,T08,linear_r1_p1,tuning,linear_pull_push,1.0,5330.96875,1.0,1.0,50,15,8,8,8,8,0.9664304852485657,0.5247735977172852,0.9852563142776489,0.40536627173423767,0.033569514751434326,0.47522640228271484,1.985256314277649,1.4053662717342377,-0.4416568875312805,0.5798900425434113,0.13823315501213074
P19,T09,cls_only,validation,linear_pull_push,0.0,0.0,1.0,0.0,50,15,8,1,3,8,0.9667531251907349,0.9694069623947144,0.983019232749939,0.9805057048797607,0.03324687480926514,0.030593037605285645,1.983019232749939,1.9805057048797607,0.002653837203979492,0.0025135278701782227,0.005167365074157715
P19,T09,infonce_baseline,validation,prototype,0.5,162814.4375,1.0,0.5,50,15,8,7,8,8,0.9667531251907349,0.98550945520401,0.983019232749939,0.9385003447532654,0.03324687480926514,0.01449054479598999,1.983019232749939,1.9385003447532654,0.018756330013275146,0.044518887996673584,0.06327521800994873
P19,T09,infonce_matched_linear,validation,prototype,1.0,325129.46875,1.0,0.5,50,15,8,7,8,8,0.9667531251907349,0.9856287240982056,0.983019232749939,0.9385844469070435,0.03324687480926514,0.014371275901794434,1.983019232749939,1.9385844469070435,0.018875598907470703,0.04443478584289551,0.06331038475036621
P19,T09,linear_r1_p0.5,validation,linear_pull_push,1.0,29158.0078125,1.0,0.5,50,15,8,7,8,8,0.9667531251907349,0.9853898286819458,0.983019232749939,0.9381375312805176,0.03324687480926514,0.0146101713180542,1.983019232749939,1.9381375312805176,0.018636703491210938,0.04488170146942139,0.06351840496063232
P19,T09,linear_r1_p0,validation,linear_pull_push,1.0,20027.646484375,1.0,0.0,50,15,8,7,7,8,0.9667531251907349,0.9993031024932861,0.983019232749939,0.9817517399787903,0.03324687480926514,0.0006968975067138672,1.983019232749939,1.9817517399787903,0.03254997730255127,0.0012674927711486816,0.03381747007369995
P19,T10,cls_only,validation,linear_pull_push,0.0,0.0,1.0,0.0,50,15,8,0,0,8,0.9626717567443848,0.967422604560852,0.9893556237220764,0.9874807596206665,0.037328243255615234,0.03257739543914795,1.9893556237220764,1.9874807596206665,0.004750847816467285,0.0018748641014099121,0.006625711917877197
P19,T10,infonce_baseline,validation,prototype,0.5,32365.345703125,1.0,0.5,50,15,8,1,2,8,0.9626717567443848,0.9795476198196411,0.9893556237220764,0.9115122556686401,0.037328243255615234,0.020452380180358887,1.9893556237220764,1.9115122556686401,0.016875863075256348,0.07784336805343628,0.09471923112869263
P19,T10,infonce_matched_linear,validation,prototype,1.0,64619.36328125,1.0,0.5,50,15,8,2,2,8,0.9626717567443848,0.9797012805938721,0.9893556237220764,0.911412239074707,0.037328243255615234,0.02029871940612793,1.9893556237220764,1.911412239074707,0.017029523849487305,0.07794338464736938,0.09497290849685669
P19,T10,linear_r1_p0.5,validation,linear_pull_push,1.0,5893.23828125,1.0,0.5,50,15,8,2,2,8,0.9626717567443848,0.9798100590705872,0.9893556237220764,0.9116730690002441,0.037328243255615234,0.020189940929412842,1.9893556237220764,1.9116730690002441,0.017138302326202393,0.07768255472183228,0.09482085704803467
P19,T10,linear_r1_p0,validation,linear_pull_push,1.0,4937.0166015625,1.0,0.0,50,15,8,1,1,8,0.9626717567443848,0.999340295791626,0.9893556237220764,0.9733597636222839,0.037328243255615234,0.0006597042083740234,1.9893556237220764,1.973359763622284,0.03666853904724121,0.01599586009979248,0.05266439914703369
