pair_id,transition_id,source_human_label,target_human_label,arm,semantic_mode,steps,step_size,rho,semantic_temperature,target_logit_weight,source_logit_weight,proxy_hits,proxy_denominator,tasr_hits,tasr_denominator,tasr_percent,asr_hits,asr_percent,semantic_gap_clean,semantic_gap_adversarial,semantic_gap_gain,effective_lambda,elapsed_seconds
P14,G01,1,2,full_pull_push,linear_pull_push,50,0.00392156862745098,0.25,0.1,1.0,1.0,8,8,8,8,100.0,8,100.0,-0.2505648136138916,0.5111684203147888,0.7617332339286804,89.87379455566406,200.91614356799982
P14,G01,1,2,second_loss_only,linear_pull_push,50,0.00392156862745098,0.0,0.1,1.0,1.0,8,8,8,8,100.0,8,100.0,-0.2505648136138916,0.5413009524345398,0.7918657660484314,1.0,195.56915172400113
P14,G02,1,7,full_pull_push,linear_pull_push,50,0.00392156862745098,0.25,0.1,1.0,1.0,8,8,6,8,75.0,6,75.0,-0.23089075088500977,0.4283393919467926,0.65923011302948,57.3104133605957,197.70315836100053
P14,G02,1,7,second_loss_only,linear_pull_push,50,0.00392156862745098,0.0,0.1,1.0,1.0,8,8,8,8,100.0,8,100.0,-0.23089075088500977,0.484640896320343,0.7155316472053528,1.0,196.47300680599983
P14,G03,2,1,full_pull_push,linear_pull_push,50,0.00392156862745098,0.25,0.1,1.0,1.0,8,8,4,8,50.0,4,50.0,-0.2564510107040405,0.4292634129524231,0.6857144236564636,82.91826629638672,196.54262473700146
P14,G03,2,1,second_loss_only,linear_pull_push,50,0.00392156862745098,0.0,0.1,1.0,1.0,8,8,2,8,25.0,2,25.0,-0.2564510107040405,0.47419473528862,0.7306457757949829,1.0,195.75835266500144
P14,G04,2,7,full_pull_push,linear_pull_push,50,0.00392156862745098,0.25,0.1,1.0,1.0,8,8,2,8,25.0,2,25.0,-0.2671477198600769,0.391811728477478,0.6589594483375549,73.45283508300781,196.48550820699893
P14,G04,2,7,second_loss_only,linear_pull_push,50,0.00392156862745098,0.0,0.1,1.0,1.0,8,8,0,8,0.0,1,12.5,-0.2671477198600769,0.4750804007053375,0.7422281503677368,1.0,196.3595156270003
P14,G05,7,1,full_pull_push,linear_pull_push,50,0.00392156862745098,0.25,0.1,1.0,1.0,8,8,8,8,100.0,8,100.0,-0.17122116684913635,0.5168851613998413,0.6881062984466553,105.66734313964844,196.87473554399912
P14,G05,7,1,second_loss_only,linear_pull_push,50,0.00392156862745098,0.0,0.1,1.0,1.0,8,8,8,8,100.0,8,100.0,-0.17122116684913635,0.5332501530647278,0.7044713497161865,1.0,196.96722046899959
P14,G06,7,2,full_pull_push,linear_pull_push,50,0.00392156862745098,0.25,0.1,1.0,1.0,8,8,8,8,100.0,8,100.0,-0.23774978518486023,0.5511763095855713,0.7889261245727539,113.12582397460938,196.2729274430003
P14,G06,7,2,second_loss_only,linear_pull_push,50,0.00392156862745098,0.0,0.1,1.0,1.0,8,8,8,8,100.0,8,100.0,-0.23774978518486023,0.5653340816497803,0.8030838966369629,1.0,198.51570436200018
P16,G01,1,2,full_pull_push,linear_pull_push,50,0.00392156862745098,0.25,0.1,1.0,1.0,8,8,6,8,75.0,6,75.0,-0.18622368574142456,0.493108868598938,0.6793325543403625,174.9825439453125,125.49955360500098
P16,G01,1,2,p16_full_push_strong,linear_pull_push,50,0.00392156862745098,0.25,0.1,1.0,1.5,8,8,6,8,75.0,6,75.0,-0.18622368574142456,0.4333539605140686,0.6195776462554932,146.15188598632812,122.05510219199641
P16,G01,1,2,p16_full_target_pull,linear_pull_push,50,0.00392156862745098,0.25,0.1,1.5,0.5,8,8,7,8,87.5,7,87.5,-0.18622368574142456,0.33784055709838867,0.5240642428398132,111.63855743408203,125.66699712199625
P16,G01,1,2,p16_second_target_pull,linear_pull_push,50,0.00392156862745098,0.0,0.1,1.5,0.5,8,8,7,8,87.5,7,87.5,-0.18622368574142456,0.3390582203865051,0.5252819061279297,1.0,119.96765878199949
P16,G01,1,2,p16_second_target_pull_half,linear_pull_push,50,0.00392156862745098,0.0,0.1,1.5,0.5,8,8,7,8,87.5,7,87.5,-0.18622368574142456,0.3384665250778198,0.5246902108192444,0.5,119.86519033499644
P16,G01,1,2,second_loss_only,linear_pull_push,50,0.00392156862745098,0.0,0.1,1.0,1.0,8,8,7,8,87.5,7,87.5,-0.18622368574142456,0.4994451105594635,0.6856688261032104,1.0,119.88287517600111
P16,G02,1,7,full_pull_push,linear_pull_push,50,0.00392156862745098,0.25,0.1,1.0,1.0,8,8,4,8,50.0,5,62.5,-0.23903727531433105,0.5982494950294495,0.8372867703437805,89.37283325195312,122.7712571409993
P16,G02,1,7,p16_full_push_strong,linear_pull_push,50,0.00392156862745098,0.25,0.1,1.0,1.5,8,8,2,8,25.0,4,50.0,-0.23903727531433105,0.5414453744888306,0.7804826498031616,73.07211303710938,122.48016523599654
P16,G02,1,7,p16_full_target_pull,linear_pull_push,50,0.00392156862745098,0.25,0.1,1.5,0.5,8,8,5,8,62.5,5,62.5,-0.23903727531433105,0.4365103542804718,0.6755475997924805,69.24679565429688,122.6212952499991
P16,G02,1,7,p16_second_target_pull,linear_pull_push,50,0.00392156862745098,0.0,0.1,1.5,0.5,8,8,4,8,50.0,4,50.0,-0.23903727531433105,0.4378330707550049,0.6768703460693359,1.0,119.97255285999563
P16,G02,1,7,p16_second_target_pull_half,linear_pull_push,50,0.00392156862745098,0.0,0.1,1.5,0.5,8,8,6,8,75.0,6,75.0,-0.23903727531433105,0.4395625591278076,0.6785998344421387,0.5,119.74719273400115
P16,G02,1,7,second_loss_only,linear_pull_push,50,0.00392156862745098,0.0,0.1,1.0,1.0,8,8,4,8,50.0,5,62.5,-0.23903727531433105,0.6109570264816284,0.8499943017959595,1.0,119.88437288999921
P16,G03,2,1,full_pull_push,linear_pull_push,50,0.00392156862745098,0.25,0.1,1.0,1.0,8,8,1,8,12.5,1,12.5,-0.18026787042617798,0.4688056409358978,0.6490734815597534,61.18021011352539,122.4507074689991
P16,G03,2,1,p16_full_push_strong,linear_pull_push,50,0.00392156862745098,0.25,0.1,1.0,1.5,8,8,0,8,0.0,0,0.0,-0.18026787042617798,0.42333781719207764,0.6036056876182556,48.26097106933594,122.55093035299797
P16,G03,2,1,p16_full_target_pull,linear_pull_push,50,0.00392156862745098,0.25,0.1,1.5,0.5,7,8,1,8,12.5,1,12.5,-0.18026787042617798,0.30088913440704346,0.48115700483322144,49.65232467651367,122.3345198140014
P16,G03,2,1,p16_second_target_pull,linear_pull_push,50,0.00392156862745098,0.0,0.1,1.5,0.5,8,8,1,8,12.5,1,12.5,-0.18026787042617798,0.33507636189460754,0.5153442621231079,1.0,119.85066904900305
P16,G03,2,1,p16_second_target_pull_half,linear_pull_push,50,0.00392156862745098,0.0,0.1,1.5,0.5,8,8,1,8,12.5,1,12.5,-0.18026787042617798,0.33600914478302,0.516277015209198,0.5,119.6226839469964
P16,G03,2,1,second_loss_only,linear_pull_push,50,0.00392156862745098,0.0,0.1,1.0,1.0,4,8,0,8,0.0,1,12.5,-0.18026787042617798,0.5114415884017944,0.6917094588279724,1.0,119.85615349900036
P16,G04,2,7,full_pull_push,linear_pull_push,50,0.00392156862745098,0.25,0.1,1.0,1.0,8,8,0,8,0.0,0,0.0,-0.28897327184677124,0.5989331603050232,0.8879064321517944,53.18376541137695,122.40795308499946
P16,G04,2,7,p16_full_push_strong,linear_pull_push,50,0.00392156862745098,0.25,0.1,1.0,1.5,8,8,1,8,12.5,1,12.5,-0.28897327184677124,0.5557244420051575,0.8446977138519287,43.33699035644531,122.37184714500472
P16,G04,2,7,p16_full_target_pull,linear_pull_push,50,0.00392156862745098,0.25,0.1,1.5,0.5,8,8,1,8,12.5,1,12.5,-0.28897327184677124,0.46440649032592773,0.753379762172699,44.63382339477539,122.29734015800204
P16,G04,2,7,p16_second_target_pull,linear_pull_push,50,0.00392156862745098,0.0,0.1,1.5,0.5,8,8,1,8,12.5,1,12.5,-0.28897327184677124,0.48974257707595825,0.7787158489227295,1.0,119.70527834300447
P16,G04,2,7,p16_second_target_pull_half,linear_pull_push,50,0.00392156862745098,0.0,0.1,1.5,0.5,8,8,1,8,12.5,1,12.5,-0.28897327184677124,0.48973745107650757,0.7787107229232788,0.5,119.64373550099845
P16,G04,2,7,second_loss_only,linear_pull_push,50,0.00392156862745098,0.0,0.1,1.0,1.0,8,8,1,8,12.5,1,12.5,-0.28897327184677124,0.6396033763885498,0.928576648235321,1.0,119.71437613700073
P16,G05,7,1,full_pull_push,linear_pull_push,50,0.00392156862745098,0.25,0.1,1.0,1.0,8,8,4,8,50.0,5,62.5,-0.17004412412643433,0.5975901484489441,0.7676342725753784,60.93621063232422,122.48160678800014
P16,G05,7,1,p16_full_push_strong,linear_pull_push,50,0.00392156862745098,0.25,0.1,1.0,1.5,8,8,4,8,50.0,6,75.0,-0.17004412412643433,0.5592134594917297,0.7292575836181641,48.5966911315918,122.48813471999892
P16,G05,7,1,p16_full_target_pull,linear_pull_push,50,0.00392156862745098,0.25,0.1,1.5,0.5,8,8,7,8,87.5,7,87.5,-0.17004412412643433,0.42953628301620483,0.5995804071426392,52.186641693115234,122.41400765800063
P16,G05,7,1,p16_second_target_pull,linear_pull_push,50,0.00392156862745098,0.0,0.1,1.5,0.5,8,8,8,8,100.0,8,100.0,-0.17004412412643433,0.43483394384384155,0.6048780679702759,1.0,119.9564025399959
P16,G05,7,1,p16_second_target_pull_half,linear_pull_push,50,0.00392156862745098,0.0,0.1,1.5,0.5,8,8,8,8,100.0,8,100.0,-0.17004412412643433,0.43498343229293823,0.6050275564193726,0.5,119.83802295199712
P16,G05,7,1,second_loss_only,linear_pull_push,50,0.00392156862745098,0.0,0.1,1.0,1.0,7,8,7,8,87.5,7,87.5,-0.17004412412643433,0.6101338863372803,0.7801780104637146,1.0,119.97274367200043
P16,G06,7,2,full_pull_push,linear_pull_push,50,0.00392156862745098,0.25,0.1,1.0,1.0,8,8,5,8,62.5,6,75.0,-0.23537445068359375,0.6209590435028076,0.8563334941864014,70.79371643066406,122.54345634200035
P16,G06,7,2,p16_full_push_strong,linear_pull_push,50,0.00392156862745098,0.25,0.1,1.0,1.5,8,8,5,8,62.5,6,75.0,-0.23537445068359375,0.5761640071868896,0.8115384578704834,55.974056243896484,122.42909849400166
P16,G06,7,2,p16_full_target_pull,linear_pull_push,50,0.00392156862745098,0.25,0.1,1.5,0.5,8,8,6,8,75.0,6,75.0,-0.23537445068359375,0.48200327157974243,0.7173777222633362,60.06922149658203,122.53797925899562
P16,G06,7,2,p16_second_target_pull,linear_pull_push,50,0.00392156862745098,0.0,0.1,1.5,0.5,8,8,8,8,100.0,8,100.0,-0.23537445068359375,0.48547446727752686,0.7208489179611206,1.0,119.82294109400391
P16,G06,7,2,p16_second_target_pull_half,linear_pull_push,50,0.00392156862745098,0.0,0.1,1.5,0.5,8,8,8,8,100.0,8,100.0,-0.23537445068359375,0.48654308915138245,0.7219175100326538,0.5,119.76471994400345
P16,G06,7,2,second_loss_only,linear_pull_push,50,0.00392156862745098,0.0,0.1,1.0,1.0,8,8,6,8,75.0,6,75.0,-0.23537445068359375,0.6280049681663513,0.8633794188499451,1.0,119.81341247599994
P19,G01,1,2,full_pull_push,linear_pull_push,50,0.00392156862745098,0.25,0.1,1.0,1.0,8,8,8,8,100.0,8,100.0,-0.017028167843818665,0.11553922295570374,0.1325673907995224,1902.52734375,584.4910343160009
P19,G01,1,2,second_loss_only,linear_pull_push,50,0.00392156862745098,0.0,0.1,1.0,1.0,8,8,8,8,100.0,8,100.0,-0.017028167843818665,0.11485857516527176,0.13188675045967102,1.0,580.0231663139984
P19,G02,1,7,full_pull_push,linear_pull_push,50,0.00392156862745098,0.25,0.1,1.0,1.0,8,8,8,8,100.0,8,100.0,-0.017471663653850555,0.10970784723758698,0.12717950344085693,1951.376220703125,582.4096392179999
P19,G02,1,7,second_loss_only,linear_pull_push,50,0.00392156862745098,0.0,0.1,1.0,1.0,8,8,7,8,87.5,7,87.5,-0.017471663653850555,0.11209291219711304,0.1295645833015442,1.0,577.3466192349988
P19,G03,2,1,full_pull_push,linear_pull_push,50,0.00392156862745098,0.25,0.1,1.0,1.0,8,8,6,8,75.0,7,87.5,-0.01615796983242035,0.08647625148296356,0.10263422131538391,2009.7010498046875,582.9759121759998
P19,G03,2,1,second_loss_only,linear_pull_push,50,0.00392156862745098,0.0,0.1,1.0,1.0,8,8,6,8,75.0,6,75.0,-0.01615796983242035,0.09046880900859833,0.10662677884101868,1.0,581.0408970459994
P19,G04,2,7,full_pull_push,linear_pull_push,50,0.00392156862745098,0.25,0.1,1.0,1.0,8,8,6,8,75.0,6,75.0,-0.024064339697360992,0.09673656523227692,0.12080090492963791,1199.7120361328125,579.0573188929993
P19,G04,2,7,second_loss_only,linear_pull_push,50,0.00392156862745098,0.0,0.1,1.0,1.0,8,8,5,8,62.5,5,62.5,-0.024064339697360992,0.10493804514408112,0.1290023922920227,1.0,574.6966333419987
P19,G05,7,1,full_pull_push,linear_pull_push,50,0.00392156862745098,0.25,0.1,1.0,1.0,8,8,5,8,62.5,6,75.0,-0.013859972357749939,0.11721380800008774,0.13107377290725708,2185.251708984375,579.5089748940009
P19,G05,7,1,second_loss_only,linear_pull_push,50,0.00392156862745098,0.0,0.1,1.0,1.0,8,8,4,8,50.0,6,75.0,-0.013859972357749939,0.11839804798364639,0.13225802779197693,1.0,579.741706552999
P19,G06,7,2,full_pull_push,linear_pull_push,50,0.00392156862745098,0.25,0.1,1.0,1.0,8,8,4,8,50.0,5,62.5,-0.022981487214565277,0.1304498165845871,0.15343129634857178,1842.8358154296875,585.9160435669983
P19,G06,7,2,second_loss_only,linear_pull_push,50,0.00392156862745098,0.0,0.1,1.0,1.0,8,8,4,8,50.0,6,75.0,-0.022981487214565277,0.13532140851020813,0.158302903175354,1.0,575.4010153679992
