cell_id,error,family,status,updated_utc
smoke_smoke_single_Qwen3.5-2B_InternVL3.5-4B-HF_23_0.75_0.25,,smoke,complete,2026-10-08T09:59:55Z
reverse_Qwen3.5-2B_InternVL3.5-4B-HF,,smoke,complete,2026-10-08T10:00:03Z
smoke_smoke_layer_Qwen3.5-2B_InternVL3.5-4B-HF_0_0.75_0.25,,smoke,complete,2026-10-08T10:00:11Z
smoke_smoke_ablation_Gemma 4 E2B-it_Gemma 4 E4B-it_15_1.0_0.0,,smoke,complete,2026-10-08T10:00:32Z
multi_proxy,,smoke,complete,2026-10-08T10:01:02Z
Qwen3.5-2B__to__InternVL3.5-4B-HF__forward,,single_proxy,complete,2026-10-08T10:05:06Z
Qwen3.5-2B__to__Gemma 4 E4B-it__forward,,single_proxy,complete,2026-10-08T10:08:04Z
InternVL3.5-2B-HF__to__Qwen3.5-4B__forward,,single_proxy,complete,2026-10-08T10:12:29Z
InternVL3.5-2B-HF__to__Gemma 4 E4B-it__forward,,single_proxy,complete,2026-10-08T10:16:57Z
Gemma 4 E2B-it__to__Qwen3.5-4B__forward,,single_proxy,complete,2026-10-08T10:46:31Z
Gemma 4 E2B-it__to__InternVL3.5-4B-HF__forward,,single_proxy,complete,2026-10-08T11:15:47Z
Gemma 4 E2B-it__to__Gemma 4 E4B-it__forward,,single_proxy,complete,2026-10-08T11:47:26Z
Gemma 4 E2B-it__to__Gemma 4 26B-A4B-it__forward,,single_proxy,complete,2026-10-08T12:19:55Z
Qwen3.5-2B__to__Qwen3.5-4B__forward,,single_proxy,complete,2026-10-08T12:22:47Z
Qwen3.5-2B__to__Qwen3.5-9B__forward,,single_proxy,complete,2026-10-08T12:25:54Z
InternVL3.5-2B-HF__to__InternVL3.5-4B-HF__forward,,single_proxy,complete,2026-10-08T12:30:05Z
InternVL3.5-2B-HF__to__InternVL3.5-8B-HF__forward,,single_proxy,complete,2026-10-08T12:34:43Z
Qwen3.5-2B__to__Gemma 4 E4B-it__0.01,,layer_sweep,complete,2026-10-08T12:37:16Z
Qwen3.5-2B__to__Gemma 4 E4B-it__0.25,,layer_sweep,complete,2026-10-08T12:39:49Z
Qwen3.5-2B__to__Gemma 4 E4B-it__0.50,,layer_sweep,complete,2026-10-08T12:42:26Z
Qwen3.5-2B__to__Gemma 4 E4B-it__0.75,,layer_sweep,complete,2026-10-08T12:45:13Z
Qwen3.5-2B__to__Gemma 4 E4B-it__1.00,,layer_sweep,complete,2026-10-08T12:48:10Z
InternVL3.5-2B-HF__to__Qwen3.5-4B__0.01,,layer_sweep,complete,2026-10-08T12:51:23Z
InternVL3.5-2B-HF__to__Qwen3.5-4B__0.25,,layer_sweep,complete,2026-10-08T12:54:50Z
InternVL3.5-2B-HF__to__Qwen3.5-4B__0.50,,layer_sweep,complete,2026-10-08T12:58:36Z
InternVL3.5-2B-HF__to__Qwen3.5-4B__0.75,,layer_sweep,complete,2026-10-08T13:02:34Z
InternVL3.5-2B-HF__to__Qwen3.5-4B__1.00,,layer_sweep,complete,2026-10-08T13:06:52Z
Gemma 4 E2B-it__to__InternVL3.5-8B-HF__0.01,,layer_sweep,complete,2026-10-08T13:24:57Z
Gemma 4 E2B-it__to__InternVL3.5-8B-HF__0.25,,layer_sweep,complete,2026-10-08T13:45:08Z
Gemma 4 E2B-it__to__InternVL3.5-8B-HF__0.50,,layer_sweep,complete,2026-10-08T14:09:53Z
Gemma 4 E2B-it__to__InternVL3.5-8B-HF__0.75,,layer_sweep,complete,2026-10-08T14:35:32Z
Gemma 4 E2B-it__to__InternVL3.5-8B-HF__1.00,,layer_sweep,complete,2026-10-08T15:04:07Z
Qwen3.5-2B__to__Qwen3.5-4B__0.01,,layer_sweep,complete,2026-10-08T15:06:31Z
Qwen3.5-2B__to__Qwen3.5-4B__0.25,,layer_sweep,complete,2026-10-08T15:09:01Z
Qwen3.5-2B__to__Qwen3.5-4B__0.50,,layer_sweep,complete,2026-10-08T15:11:37Z
Qwen3.5-2B__to__Qwen3.5-4B__0.75,,layer_sweep,complete,2026-10-08T15:14:20Z
Qwen3.5-2B__to__Qwen3.5-4B__1.00,,layer_sweep,complete,2026-10-08T15:17:11Z
InternVL3.5-2B-HF__to__InternVL3.5-4B-HF__0.01,,layer_sweep,complete,2026-10-08T15:20:13Z
InternVL3.5-2B-HF__to__InternVL3.5-4B-HF__0.25,,layer_sweep,complete,2026-10-08T15:23:31Z
InternVL3.5-2B-HF__to__InternVL3.5-4B-HF__0.50,,layer_sweep,complete,2026-10-08T15:27:03Z
InternVL3.5-2B-HF__to__InternVL3.5-4B-HF__0.75,,layer_sweep,complete,2026-10-08T15:30:54Z
InternVL3.5-2B-HF__to__InternVL3.5-4B-HF__1.00,,layer_sweep,complete,2026-10-08T15:35:03Z
Gemma 4 E2B-it__to__Gemma 4 E4B-it__0.01,,layer_sweep,complete,2026-10-08T15:54:02Z
Gemma 4 E2B-it__to__Gemma 4 E4B-it__0.25,,layer_sweep,complete,2026-10-08T16:14:17Z
Gemma 4 E2B-it__to__Gemma 4 E4B-it__0.50,,layer_sweep,complete,2026-10-08T16:37:00Z
Gemma 4 E2B-it__to__Gemma 4 E4B-it__0.75,,layer_sweep,complete,2026-10-08T17:01:56Z
Gemma 4 E2B-it__to__Gemma 4 E4B-it__1.00,,layer_sweep,complete,2026-10-08T17:29:58Z
block_1__InternVL3.5-2B-HF__to__Qwen3.5-27B,,multiple_proxy,complete,2026-10-09T03:31:13Z
block_1__InternVL3.5-2B-HF_InternVL3.5-4B-HF__to__Qwen3.5-27B,,multiple_proxy,complete,2026-10-09T03:33:13Z
block_1__InternVL3.5-2B-HF_InternVL3.5-4B-HF_InternVL3.5-8B-HF__to__Qwen3.5-27B,,multiple_proxy,complete,2026-10-09T03:35:21Z
block_1__Qwen3.5-2B__to__Gemma 4 31B-it,,multiple_proxy,complete,2026-10-09T03:37:56Z
block_1__Qwen3.5-2B_Qwen3.5-4B__to__Gemma 4 31B-it,,multiple_proxy,complete,2026-10-09T03:40:01Z
block_1__Qwen3.5-2B_Qwen3.5-4B_Qwen3.5-9B__to__Gemma 4 31B-it,,multiple_proxy,complete,2026-10-09T03:42:16Z
block_1__Gemma 4 E2B-it__to__InternVL3.5-14B-HF,,multiple_proxy,complete,2026-10-09T03:43:39Z
block_1__Gemma 4 E2B-it_Gemma 4 E4B-it__to__InternVL3.5-14B-HF,,multiple_proxy,complete,2026-10-09T03:44:54Z
block_1__Gemma 4 E2B-it_Gemma 4 E4B-it_Gemma 4 26B-A4B-it__to__InternVL3.5-14B-HF,,multiple_proxy,complete,2026-10-09T04:35:01Z
block_2__InternVL3.5-2B-HF__to__Qwen3.5-27B,,multiple_proxy,complete,2026-10-09T04:37:12Z
block_2__InternVL3.5-2B-HF_Gemma 4 E2B-it__to__Qwen3.5-27B,,multiple_proxy,complete,2026-10-09T05:04:33Z
block_2__InternVL3.5-2B-HF_Gemma 4 E2B-it_CLIP ViT-L/14__to__Qwen3.5-27B,,multiple_proxy,complete,2026-10-09T05:05:10Z
block_2__InternVL3.5-2B-HF_Gemma 4 E2B-it_CLIP ViT-L/14_SigLIP2-So400m-patch14-384__to__Qwen3.5-27B,,multiple_proxy,complete,2026-10-09T05:05:57Z
block_2__InternVL3.5-2B-HF_Gemma 4 E2B-it_CLIP ViT-L/14_DINOv2-Large__to__Qwen3.5-27B,,multiple_proxy,complete,2026-10-09T05:06:34Z
block_2__Qwen3.5-2B__to__Gemma 4 31B-it,,multiple_proxy,complete,2026-10-09T05:09:07Z
block_2__Qwen3.5-2B_Qwen3.5-4B__to__Gemma 4 31B-it,,multiple_proxy,complete,2026-10-09T05:11:20Z
block_2__Qwen3.5-2B_Qwen3.5-4B_Qwen3.5-9B__to__Gemma 4 31B-it,,multiple_proxy,complete,2026-10-09T05:13:57Z
block_2__Gemma 4 E2B-it__to__InternVL3.5-14B-HF,,multiple_proxy,complete,2026-10-09T05:15:20Z
block_2__Gemma 4 E2B-it_Gemma 4 E4B-it__to__InternVL3.5-14B-HF,,multiple_proxy,complete,2026-10-09T05:16:36Z
block_2__Gemma 4 E2B-it_Gemma 4 E4B-it_Gemma 4 26B-A4B-it__to__InternVL3.5-14B-HF,,multiple_proxy,complete,2026-10-09T05:18:21Z
Gemma 4 E2B-it__to__Gemma 4 E4B-it__pull1.00_push0.00,,ablation,complete,2026-10-09T05:48:43Z
Gemma 4 E2B-it__to__Gemma 4 E4B-it__pull0.25_push0.75,,ablation,complete,2026-10-09T06:19:43Z
Gemma 4 E2B-it__to__Gemma 4 E4B-it__pull0.50_push0.50,,ablation,complete,2026-10-09T06:48:51Z
Gemma 4 E2B-it__to__Gemma 4 E4B-it__pull0.75_push0.25,,ablation,complete,2026-10-09T07:18:25Z
Gemma 4 E2B-it__to__Gemma 4 E4B-it__pull0.00_push1.00,,ablation,complete,2026-10-09T07:50:21Z
Qwen3.5-2B__to__Qwen3.5-4B__pull1.00_push0.00,,ablation,complete,2026-10-09T07:53:24Z
Qwen3.5-2B__to__Qwen3.5-4B__pull0.25_push0.75,,ablation,complete,2026-10-09T07:56:21Z
Qwen3.5-2B__to__Qwen3.5-4B__pull0.50_push0.50,,ablation,complete,2026-10-09T07:59:17Z
Qwen3.5-2B__to__Qwen3.5-4B__pull0.75_push0.25,,ablation,complete,2026-10-09T08:02:10Z
Qwen3.5-2B__to__Qwen3.5-4B__pull0.00_push1.00,,ablation,complete,2026-10-09T08:05:07Z
Qwen3.5-2B__to__InternVL3.5-4B-HF__reverse,,reverse_direction,complete,2026-10-09T08:08:00Z
Qwen3.5-2B__to__Gemma 4 E4B-it__reverse,,reverse_direction,complete,2026-10-09T08:10:58Z
InternVL3.5-2B-HF__to__Qwen3.5-4B__reverse,,reverse_direction,complete,2026-10-09T08:15:22Z
InternVL3.5-2B-HF__to__Gemma 4 E4B-it__reverse,,reverse_direction,complete,2026-10-09T08:19:50Z
Gemma 4 E2B-it__to__Qwen3.5-4B__reverse,,reverse_direction,complete,2026-10-09T08:48:44Z
Gemma 4 E2B-it__to__InternVL3.5-4B-HF__reverse,,reverse_direction,complete,2026-10-09T09:19:57Z
Gemma 4 E2B-it__to__Gemma 4 E4B-it__reverse,,reverse_direction,complete,2026-10-09T09:49:08Z
Gemma 4 E2B-it__to__Gemma 4 26B-A4B-it__reverse,,reverse_direction,complete,2026-10-09T10:20:40Z
Qwen3.5-2B__to__Qwen3.5-4B__reverse,,reverse_direction,complete,2026-10-09T10:23:33Z
Qwen3.5-2B__to__Qwen3.5-9B__reverse,,reverse_direction,complete,2026-10-09T10:26:41Z
InternVL3.5-2B-HF__to__InternVL3.5-4B-HF__reverse,,reverse_direction,complete,2026-10-09T10:30:52Z
InternVL3.5-2B-HF__to__InternVL3.5-8B-HF__reverse,,reverse_direction,complete,2026-10-09T10:35:17Z
