pair_id,transition_id,source,target,images,batches,rho,target_logit_weight,source_logit_weight,semantic_temperature,semantic_mode,representation_layer,steps,step_size,proxy_hits,proxy_percent,eligible_tasr_hits,eligible_tasr_denominator,eligible_tasr_percent,unconditional_tasr_hits,unconditional_tasr_percent,tasr_hits,tasr_percent,asr_hits,asr_percent,target_hits_among_proxy_hits,conditional_denominator,conditional_tasr_percent,mean_semantic_gap_gain,elapsed_seconds
P14,G01,1,2,50,7,0.0,1.5,0.5,0.1,linear_pull_push,17,50,0.00392156862745098,50,100.0,50,50,100.0,50,100.0,50,100.0,50,100.0,50,50,100.0,0.6373734331130981,1372.2748709169973
P14,G02,1,7,50,7,0.0,1.5,0.5,0.1,linear_pull_push,17,50,0.00392156862745098,50,100.0,48,50,96.0,48,96.0,48,96.0,48,96.0,48,50,96.0,0.5578853344917297,1366.1814770630153
P14,G03,2,1,50,7,0.0,1.5,0.5,0.1,linear_pull_push,17,50,0.00392156862745098,50,100.0,30,50,60.0,30,60.0,30,60.0,30,60.0,30,50,60.0,0.6219412899017334,1375.2703442690254
P14,G04,2,7,50,7,0.0,1.5,0.5,0.1,linear_pull_push,17,50,0.00392156862745098,50,100.0,10,50,20.0,10,20.0,10,20.0,10,20.0,10,50,20.0,0.6265590047836304,1370.0154240049305
P14,G05,7,1,50,7,0.0,1.5,0.5,0.1,linear_pull_push,17,50,0.00392156862745098,50,100.0,50,50,100.0,50,100.0,50,100.0,50,100.0,50,50,100.0,0.5552797126770019,1364.0229541279841
P14,G06,7,2,50,7,0.0,1.5,0.5,0.1,linear_pull_push,17,50,0.00392156862745098,50,100.0,50,50,100.0,50,100.0,50,100.0,50,100.0,50,50,100.0,0.6384688377380371,1368.3344424250245
P16,G01,1,2,50,7,0.0,1.5,0.5,0.1,linear_pull_push,17,50,0.00392156862745098,50,100.0,42,50,84.0,42,84.0,42,84.0,42,84.0,42,50,84.0,0.5173447895050048,768.70865619299
P16,G02,1,7,50,7,0.0,1.5,0.5,0.1,linear_pull_push,17,50,0.00392156862745098,50,100.0,24,50,48.0,24,48.0,24,48.0,29,58.0,24,50,48.0,0.6818757247924805,765.5550322160125
P16,G03,2,1,50,7,0.0,1.5,0.5,0.1,linear_pull_push,17,50,0.00392156862745098,50,100.0,5,50,10.0,5,10.0,5,10.0,5,10.0,5,50,10.0,0.518801531791687,764.4993718070036
P16,G04,2,7,50,7,0.0,1.5,0.5,0.1,linear_pull_push,17,50,0.00392156862745098,50,100.0,1,50,2.0,1,2.0,1,2.0,1,2.0,1,50,2.0,0.7808136820793152,764.4524276800512
P16,G05,7,1,50,7,0.0,1.5,0.5,0.1,linear_pull_push,17,50,0.00392156862745098,50,100.0,47,50,94.0,47,94.0,47,94.0,47,94.0,47,50,94.0,0.6596694231033325,765.1710470149992
P16,G06,7,2,50,7,0.0,1.5,0.5,0.1,linear_pull_push,17,50,0.00392156862745098,50,100.0,43,50,86.0,43,86.0,43,86.0,43,86.0,43,50,86.0,0.754047315120697,765.446367201017
P19,G01,1,2,50,7,0.0,1.5,0.5,0.1,linear_pull_push,15,50,0.00392156862745098,50,100.0,49,50,98.0,49,98.0,49,98.0,49,98.0,49,50,98.0,0.047139170169830324,3590.6738492040313
P19,G02,1,7,50,7,0.0,1.5,0.5,0.1,linear_pull_push,15,50,0.00392156862745098,50,100.0,49,50,98.0,49,98.0,49,98.0,49,98.0,49,50,98.0,0.05138270139694214,3582.8992170519778
P19,G03,2,1,50,7,0.0,1.5,0.5,0.1,linear_pull_push,15,50,0.00392156862745098,50,100.0,36,50,72.0,36,72.0,36,72.0,36,72.0,36,50,72.0,0.04485895276069641,3597.7541097209905
P19,G04,2,7,50,7,0.0,1.5,0.5,0.1,linear_pull_push,15,50,0.00392156862745098,50,100.0,27,50,54.0,27,54.0,27,54.0,28,56.0,27,50,54.0,0.06270611763000489,3587.505705871008
P19,G05,7,1,50,7,0.0,1.5,0.5,0.1,linear_pull_push,15,50,0.00392156862745098,50,100.0,48,50,96.0,48,96.0,48,96.0,49,98.0,48,50,96.0,0.0515140700340271,3583.6703078339633
P19,G06,7,2,50,7,0.0,1.5,0.5,0.1,linear_pull_push,15,50,0.00392156862745098,50,100.0,48,50,96.0,48,96.0,48,96.0,49,98.0,48,50,96.0,0.06774468302726745,3595.834037127992
