pair,proxy_models,target_model,forward_transition,reverse_transition,TASR_forward,TASR_reverse,delta_TASR,variance_difference,clean_margin_difference,gap_closure_difference
goldfish↔monarch butterfly,InternVL3.5-2B-HF,Gemma 4 E4B-it,T01,T02,0.03333333333333333,0.0,0.03333333333333333,0.00213540717959404,-0.00021771714091300964,-0.006976234493777156
pineapple↔acoustic guitar,InternVL3.5-2B-HF,Gemma 4 E4B-it,T03,T04,0.0,0.0,0.0,0.009182893671095371,0.00021134503185749054,0.009326501283794641
laptop↔espresso,InternVL3.5-2B-HF,Gemma 4 E4B-it,T05,T06,0.0,0.0,0.0,-0.0013429941609501839,0.003045995719730854,-0.0018696903716772795
volcano↔rocking chair,InternVL3.5-2B-HF,Gemma 4 E4B-it,T07,T08,0.03333333333333333,0.0,0.03333333333333333,0.004254243336617947,0.0006926432251930237,0.005624484736472368
soccer ball↔school bus,InternVL3.5-2B-HF,Gemma 4 E4B-it,T09,T10,0.06666666666666667,0.0,0.06666666666666667,0.006428135558962822,0.0005255993455648422,-0.0010796805145218968
goldfish↔monarch butterfly,InternVL3.5-2B-HF,InternVL3.5-4B-HF,T01,T02,0.8333333333333334,0.06666666666666667,0.7666666666666667,0.0027250731363892555,0.00043931975960731506,0.003634033724665642
pineapple↔acoustic guitar,InternVL3.5-2B-HF,InternVL3.5-4B-HF,T03,T04,0.2,0.03333333333333333,0.16666666666666669,0.0016303043812513351,-0.0003714039921760559,-0.002769947052001953
laptop↔espresso,InternVL3.5-2B-HF,InternVL3.5-4B-HF,T05,T06,0.13793103448275862,0.06666666666666667,0.07126436781609195,0.0017609801143407822,0.002308005467057228,-0.01405263552442193
volcano↔rocking chair,InternVL3.5-2B-HF,InternVL3.5-4B-HF,T07,T08,0.6,0.06666666666666667,0.5333333333333333,0.005144961178302765,0.001202113926410675,0.02709185518324375
soccer ball↔school bus,InternVL3.5-2B-HF,InternVL3.5-4B-HF,T09,T10,0.0,0.0,0.0,0.007596295326948166,0.0016814712435007095,0.0009748144075274467
goldfish↔monarch butterfly,Gemma 4 E2B-it,Gemma 4 26B-A4B-it,T01,T02,0.06666666666666667,0.0,0.06666666666666667,0.0011150599457323551,0.0004999516531825066,-0.0004973411560058594
pineapple↔acoustic guitar,Gemma 4 E2B-it,Gemma 4 26B-A4B-it,T03,T04,0.0,0.03333333333333333,-0.03333333333333333,0.002914375625550747,0.004974892362952232,-0.0040031056851148605
laptop↔espresso,Gemma 4 E2B-it,Gemma 4 26B-A4B-it,T05,T06,0.03333333333333333,0.03571428571428571,-0.0023809523809523794,0.0006192075088620186,0.001308022066950798,0.002921058563515544
volcano↔rocking chair,Gemma 4 E2B-it,Gemma 4 26B-A4B-it,T07,T08,0.1,0.03333333333333333,0.06666666666666668,0.0007722647860646248,-0.00022550299763679504,0.0012489492073655128
soccer ball↔school bus,Gemma 4 E2B-it,Gemma 4 26B-A4B-it,T09,T10,0.0,0.0,0.0,0.0032275314442813396,0.0005816062912344933,9.73348505795002e-06
goldfish↔monarch butterfly,Gemma 4 E2B-it,Gemma 4 E4B-it,T01,T02,1.0,1.0,0.0,0.00213540717959404,-0.00021771714091300964,0.0016677267849445343
pineapple↔acoustic guitar,Gemma 4 E2B-it,Gemma 4 E4B-it,T03,T04,1.0,1.0,0.0,0.009182893671095371,0.00021134503185749054,-0.004466168582439423
laptop↔espresso,Gemma 4 E2B-it,Gemma 4 E4B-it,T05,T06,1.0,1.0,0.0,-0.0013429941609501839,0.003045995719730854,-0.0038341060280799866
volcano↔rocking chair,Gemma 4 E2B-it,Gemma 4 E4B-it,T07,T08,1.0,1.0,0.0,0.004254243336617947,0.00044424086809158325,-0.000553518533706665
soccer ball↔school bus,Gemma 4 E2B-it,Gemma 4 E4B-it,T09,T10,1.0,1.0,0.0,0.006428135558962822,0.0005255993455648422,-0.0006580092012882233
goldfish↔monarch butterfly,Qwen3.5-2B,Gemma 4 E4B-it,T01,T02,0.13333333333333333,0.0,0.13333333333333333,0.00213540717959404,-0.00021771714091300964,-0.006169348955154419
pineapple↔acoustic guitar,Qwen3.5-2B,Gemma 4 E4B-it,T03,T04,0.0,0.0,0.0,0.009182893671095371,0.00021134503185749054,0.0074089765548706055
laptop↔espresso,Qwen3.5-2B,Gemma 4 E4B-it,T05,T06,0.0,0.0,0.0,-0.0013429941609501839,0.003045995719730854,-0.003774481825530529
volcano↔rocking chair,Qwen3.5-2B,Gemma 4 E4B-it,T07,T08,0.03333333333333333,0.0,0.03333333333333333,0.004254243336617947,0.00044424086809158325,0.008582455106079578
soccer ball↔school bus,Qwen3.5-2B,Gemma 4 E4B-it,T09,T10,0.0,0.0,0.0,0.006428135558962822,0.0005255993455648422,-0.0002829830627888441
goldfish↔monarch butterfly,Gemma 4 E2B-it,InternVL3.5-4B-HF,T01,T02,0.23333333333333334,0.0,0.23333333333333334,0.0027250731363892555,0.00043931975960731506,0.0010302066802978516
pineapple↔acoustic guitar,Gemma 4 E2B-it,InternVL3.5-4B-HF,T03,T04,0.0,0.0,0.0,0.0016303043812513351,-0.0003714039921760559,-0.0009160162881016731
laptop↔espresso,Gemma 4 E2B-it,InternVL3.5-4B-HF,T05,T06,0.0,0.04,-0.04,0.0017609801143407822,0.002308005467057228,-0.01197081245481968
volcano↔rocking chair,Gemma 4 E2B-it,InternVL3.5-4B-HF,T07,T08,0.23333333333333334,0.0,0.23333333333333334,0.005144961178302765,0.00035233795642852783,0.024175191298127174
soccer ball↔school bus,Gemma 4 E2B-it,InternVL3.5-4B-HF,T09,T10,0.03333333333333333,0.0,0.03333333333333333,0.007596295326948166,0.0016814712435007095,0.003487451933324337
goldfish↔monarch butterfly,Qwen3.5-2B,Qwen3.5-9B,T01,T02,0.3333333333333333,0.03333333333333333,0.3,5.664925083692651e-06,-1.18017487693578e-06,1.4505782928608824e-05
pineapple↔acoustic guitar,Qwen3.5-2B,Qwen3.5-9B,T03,T04,0.0,0.0,0.0,1.241460267920047e-09,-1.9331764633534476e-06,5.469719326356426e-06
laptop↔espresso,Qwen3.5-2B,Qwen3.5-9B,T05,T06,0.0,0.0,0.0,1.2541804608190432e-06,5.424026312539354e-07,-7.220109409900033e-06
volcano↔rocking chair,Qwen3.5-2B,Qwen3.5-9B,T07,T08,0.3,0.0,0.3,-1.168499693449121e-06,-1.5954174159560353e-06,1.2608369615918491e-05
soccer ball↔school bus,Qwen3.5-2B,Qwen3.5-9B,T09,T10,0.041666666666666664,0.0,0.041666666666666664,3.899137482221704e-06,1.5695895854150876e-06,-8.960564628068823e-07
goldfish↔monarch butterfly,InternVL3.5-2B-HF,Qwen3.5-4B,T01,T02,0.03333333333333333,0.0,0.03333333333333333,2.4156024664989673e-05,-1.3212367775849998e-05,4.3201447169849416e-05
pineapple↔acoustic guitar,InternVL3.5-2B-HF,Qwen3.5-4B,T03,T04,0.0,0.0,0.0,-1.301740667258855e-05,-2.5808767531998456e-06,-1.2393792985676555e-05
laptop↔espresso,InternVL3.5-2B-HF,Qwen3.5-4B,T05,T06,0.0,0.0,0.0,3.96619361708872e-06,8.469822205370292e-06,-1.1215607514714065e-05
volcano↔rocking chair,InternVL3.5-2B-HF,Qwen3.5-4B,T07,T08,0.0,0.0,0.0,1.0130304872291163e-05,3.810724592767656e-06,6.21358562966634e-05
soccer ball↔school bus,InternVL3.5-2B-HF,Qwen3.5-4B,T09,T10,0.0,0.0,0.0,1.6835831047501415e-05,2.704062353586778e-06,1.841783387135365e-06
goldfish↔monarch butterfly,Qwen3.5-2B,Qwen3.5-4B,T01,T02,0.9666666666666667,0.5,0.4666666666666667,2.4156024664989673e-05,-1.3212367775849998e-05,8.996725955512375e-05
pineapple↔acoustic guitar,Qwen3.5-2B,Qwen3.5-4B,T03,T04,0.5862068965517241,0.4444444444444444,0.14176245210727967,-1.301740667258855e-05,-2.5808767531998456e-06,-2.0740430045407265e-05
laptop↔espresso,Qwen3.5-2B,Qwen3.5-4B,T05,T06,0.5,0.45454545454545453,0.04545454545454547,3.96619361708872e-06,8.469822205370292e-06,-4.200140756438486e-05
volcano↔rocking chair,Qwen3.5-2B,Qwen3.5-4B,T07,T08,1.0,0.20689655172413793,0.7931034482758621,1.0130304872291163e-05,-4.6293280320242047e-07,9.058514842763543e-05
soccer ball↔school bus,Qwen3.5-2B,Qwen3.5-4B,T09,T10,0.4166666666666667,0.2,0.21666666666666667,1.6835831047501415e-05,2.704062353586778e-06,-2.0045041310368106e-05
goldfish↔monarch butterfly,InternVL3.5-2B-HF,InternVL3.5-8B-HF,T01,T02,0.6,0.1,0.5,0.00449887290596962,0.0020668841898441315,-0.0007784906774759293
pineapple↔acoustic guitar,InternVL3.5-2B-HF,InternVL3.5-8B-HF,T03,T04,0.03333333333333333,0.0,0.03333333333333333,-0.0038084909319877625,-0.005223054438829422,-0.017995143309235573
laptop↔espresso,InternVL3.5-2B-HF,InternVL3.5-8B-HF,T05,T06,0.0,0.16666666666666666,-0.16666666666666666,0.002247145399451256,0.003354119136929512,-0.014532065484672785
volcano↔rocking chair,InternVL3.5-2B-HF,InternVL3.5-8B-HF,T07,T08,0.4,0.0,0.4,0.005124153569340706,0.0025774575769901276,0.018569931387901306
soccer ball↔school bus,InternVL3.5-2B-HF,InternVL3.5-8B-HF,T09,T10,0.0,0.0,0.0,0.013420009054243565,0.002348126843571663,0.0035367771051824093
goldfish↔monarch butterfly,Qwen3.5-2B,InternVL3.5-4B-HF,T01,T02,0.3333333333333333,0.0,0.3333333333333333,0.0027250731363892555,0.00043931975960731506,0.0026173824444413185
pineapple↔acoustic guitar,Qwen3.5-2B,InternVL3.5-4B-HF,T03,T04,0.0,0.0,0.0,0.0016303043812513351,-0.0003714039921760559,-0.004066346678882837
laptop↔espresso,Qwen3.5-2B,InternVL3.5-4B-HF,T05,T06,0.0,0.0,0.0,0.0017609801143407822,0.002308005467057228,-0.009368946077302098
volcano↔rocking chair,Qwen3.5-2B,InternVL3.5-4B-HF,T07,T08,0.1,0.0,0.1,0.005144961178302765,0.00035233795642852783,0.019456407986581326
soccer ball↔school bus,Qwen3.5-2B,InternVL3.5-4B-HF,T09,T10,0.0,0.0,0.0,0.007596295326948166,0.0016814712435007095,0.0007297198753803968
goldfish↔monarch butterfly,Gemma 4 E2B-it,Qwen3.5-4B,T01,T02,0.0,0.0,0.0,2.4156024664989673e-05,-1.3212367775849998e-05,4.6630699216620997e-05
pineapple↔acoustic guitar,Gemma 4 E2B-it,Qwen3.5-4B,T03,T04,0.0,0.0,0.0,-1.301740667258855e-05,-2.5808767531998456e-06,-6.840627065685112e-06
laptop↔espresso,Gemma 4 E2B-it,Qwen3.5-4B,T05,T06,0.0,0.0,0.0,3.96619361708872e-06,8.469822205370292e-06,-2.0378828139655525e-05
volcano↔rocking chair,Gemma 4 E2B-it,Qwen3.5-4B,T07,T08,0.13333333333333333,0.0,0.13333333333333333,1.0130304872291163e-05,-4.6293280320242047e-07,7.807810743543087e-05
soccer ball↔school bus,Gemma 4 E2B-it,Qwen3.5-4B,T09,T10,0.0,0.0,0.0,1.6835831047501415e-05,2.704062353586778e-06,6.987651318013377e-06
