model,model_revision,class_label,class_name,reference_n,dispersion,covariance_trace,effective_rank
InternVL3.5-8B-HF,741a7d03020411e666c6109218ab71e08151ef86,1,goldfish,48,0.019903458654880524,0.04024935141205788,24.13962173461914
InternVL3.5-8B-HF,741a7d03020411e666c6109218ab71e08151ef86,2,monarch butterfly,48,0.015404585748910904,0.03122246451675892,23.98089599609375
InternVL3.5-8B-HF,741a7d03020411e666c6109218ab71e08151ef86,3,pineapple,48,0.01953318901360035,0.03950817883014679,20.52910614013672
InternVL3.5-8B-HF,741a7d03020411e666c6109218ab71e08151ef86,4,acoustic guitar,48,0.023341679945588112,0.047119952738285065,19.632478713989258
InternVL3.5-8B-HF,741a7d03020411e666c6109218ab71e08151ef86,5,laptop,48,0.02053987979888916,0.04152269661426544,26.9877986907959
InternVL3.5-8B-HF,741a7d03020411e666c6109218ab71e08151ef86,6,espresso,48,0.018292734399437904,0.037022363394498825,26.15935516357422
InternVL3.5-8B-HF,741a7d03020411e666c6109218ab71e08151ef86,7,volcano,48,0.02712102234363556,0.0546448677778244,25.8299503326416
InternVL3.5-8B-HF,741a7d03020411e666c6109218ab71e08151ef86,8,rocking chair,48,0.021996868774294853,0.04443572461605072,25.830265045166016
InternVL3.5-8B-HF,741a7d03020411e666c6109218ab71e08151ef86,9,soccer ball,48,0.028057223185896873,0.0565045028924942,25.67830467224121
InternVL3.5-8B-HF,741a7d03020411e666c6109218ab71e08151ef86,10,school bus,48,0.014637214131653309,0.029678504914045334,26.757408142089844
InternVL3.5-14B-HF,226b96d5912e69159abc0384cefcbd51487fdce0,1,goldfish,48,0.07971198856830597,0.1563267558813095,24.889020919799805
InternVL3.5-14B-HF,226b96d5912e69159abc0384cefcbd51487fdce0,2,monarch butterfly,48,0.060335323214530945,0.11952027678489685,22.974767684936523
InternVL3.5-14B-HF,226b96d5912e69159abc0384cefcbd51487fdce0,3,pineapple,48,0.07126869261264801,0.14038291573524475,20.056127548217773
InternVL3.5-14B-HF,226b96d5912e69159abc0384cefcbd51487fdce0,4,acoustic guitar,48,0.07379614561796188,0.14517106115818024,21.605810165405273
InternVL3.5-14B-HF,226b96d5912e69159abc0384cefcbd51487fdce0,5,laptop,48,0.07492002099752426,0.1472957879304886,27.160585403442383
InternVL3.5-14B-HF,226b96d5912e69159abc0384cefcbd51487fdce0,6,espresso,48,0.07579559832811356,0.14894941449165344,26.069704055786133
InternVL3.5-14B-HF,226b96d5912e69159abc0384cefcbd51487fdce0,7,volcano,48,0.10290652513504028,0.19937729835510254,25.934175491333008
InternVL3.5-14B-HF,226b96d5912e69159abc0384cefcbd51487fdce0,8,rocking chair,48,0.0861934944987297,0.16846716403961182,25.53024673461914
InternVL3.5-14B-HF,226b96d5912e69159abc0384cefcbd51487fdce0,9,soccer ball,48,0.10145730525255203,0.19671940803527832,25.003171920776367
InternVL3.5-14B-HF,226b96d5912e69159abc0384cefcbd51487fdce0,10,school bus,48,0.0636904239654541,0.1259484738111496,26.69189453125
Gemma 4 E4B-it,ee0ef6023621cff504d758262d4e04895a5af4a2,1,goldfish,48,0.013740313239395618,0.027872681617736816,27.73090362548828
Gemma 4 E4B-it,ee0ef6023621cff504d758262d4e04895a5af4a2,2,monarch butterfly,48,0.011604906059801579,0.023566236719489098,26.296092987060547
Gemma 4 E4B-it,ee0ef6023621cff504d758262d4e04895a5af4a2,3,pineapple,48,0.023905666545033455,0.04824504628777504,18.286163330078125
Gemma 4 E4B-it,ee0ef6023621cff504d758262d4e04895a5af4a2,4,acoustic guitar,48,0.014722772873938084,0.029850417748093605,25.011240005493164
Gemma 4 E4B-it,ee0ef6023621cff504d758262d4e04895a5af4a2,5,laptop,48,0.012819773517549038,0.02601718157529831,26.098472595214844
Gemma 4 E4B-it,ee0ef6023621cff504d758262d4e04895a5af4a2,6,espresso,48,0.014162767678499222,0.028723325580358505,25.805089950561523
Gemma 4 E4B-it,ee0ef6023621cff504d758262d4e04895a5af4a2,7,volcano,48,0.019367802888154984,0.03917695954442024,28.29238510131836
Gemma 4 E4B-it,ee0ef6023621cff504d758262d4e04895a5af4a2,8,rocking chair,48,0.015113559551537037,0.030637145042419434,27.540597915649414
Gemma 4 E4B-it,ee0ef6023621cff504d758262d4e04895a5af4a2,9,soccer ball,48,0.016621073707938194,0.03366765007376671,23.42094612121582
Gemma 4 E4B-it,ee0ef6023621cff504d758262d4e04895a5af4a2,10,school bus,48,0.010192938148975372,0.020713558420538902,27.576175689697266
Gemma 4 31B-it,842da3794eaa0b77d5f08bae87a17459d91ff475,1,goldfish,48,0.006775058805942535,0.013791508041322231,26.067392349243164
Gemma 4 31B-it,842da3794eaa0b77d5f08bae87a17459d91ff475,2,monarch butterfly,48,0.005663224961608648,0.011534485034644604,25.164506912231445
Gemma 4 31B-it,842da3794eaa0b77d5f08bae87a17459d91ff475,3,pineapple,48,0.011464106850326061,0.023282106965780258,15.589900016784668
Gemma 4 31B-it,842da3794eaa0b77d5f08bae87a17459d91ff475,4,acoustic guitar,48,0.0085529750213027,0.017395133152604103,22.792373657226562
Gemma 4 31B-it,842da3794eaa0b77d5f08bae87a17459d91ff475,5,laptop,48,0.008998713456094265,0.01829783245921135,27.01032257080078
Gemma 4 31B-it,842da3794eaa0b77d5f08bae87a17459d91ff475,6,espresso,48,0.008367405273020267,0.017019381746649742,25.59016227722168
Gemma 4 31B-it,842da3794eaa0b77d5f08bae87a17459d91ff475,7,volcano,48,0.010363120585680008,0.021057771518826485,28.84990882873535
Gemma 4 31B-it,842da3794eaa0b77d5f08bae87a17459d91ff475,8,rocking chair,48,0.009606107138097286,0.019526993855834007,26.29623031616211
Gemma 4 31B-it,842da3794eaa0b77d5f08bae87a17459d91ff475,9,soccer ball,48,0.009950574487447739,0.020223328843712807,24.69827651977539
Gemma 4 31B-it,842da3794eaa0b77d5f08bae87a17459d91ff475,10,school bus,48,0.006719198077917099,0.01367839053273201,29.248388290405273
Gemma 4 26B-A4B-it,4d7ae4984b7db7de8f8457170b3f1a419ee76d52,1,goldfish,48,0.00678257504478097,0.013806601986289024,26.049488067626953
Gemma 4 26B-A4B-it,4d7ae4984b7db7de8f8457170b3f1a419ee76d52,2,monarch butterfly,48,0.0056675150990486145,0.01154336053878069,25.16468048095703
Gemma 4 26B-A4B-it,4d7ae4984b7db7de8f8457170b3f1a419ee76d52,3,pineapple,48,0.011478707194328308,0.023311251774430275,15.620985984802246
Gemma 4 26B-A4B-it,4d7ae4984b7db7de8f8457170b3f1a419ee76d52,4,acoustic guitar,48,0.008564331568777561,0.017418188974261284,22.779808044433594
Gemma 4 26B-A4B-it,4d7ae4984b7db7de8f8457170b3f1a419ee76d52,5,laptop,48,0.009013031609356403,0.018326686695218086,26.997440338134766
Gemma 4 26B-A4B-it,4d7ae4984b7db7de8f8457170b3f1a419ee76d52,6,espresso,48,0.008393824100494385,0.01707316003739834,25.564733505249023
Gemma 4 26B-A4B-it,4d7ae4984b7db7de8f8457170b3f1a419ee76d52,7,volcano,48,0.010388877242803574,0.021109918132424355,28.837570190429688
Gemma 4 26B-A4B-it,4d7ae4984b7db7de8f8457170b3f1a419ee76d52,8,rocking chair,48,0.009616612456738949,0.019548360258340836,26.277360916137695
Gemma 4 26B-A4B-it,4d7ae4984b7db7de8f8457170b3f1a419ee76d52,9,soccer ball,48,0.00995877105742693,0.020240144804120064,24.702110290527344
Gemma 4 26B-A4B-it,4d7ae4984b7db7de8f8457170b3f1a419ee76d52,10,school bus,48,0.00673123961314559,0.013702884316444397,29.225927352905273
Qwen3.5-4B,851bf6e806efd8d0a36b00ddf55e13ccb7b8cd0a,1,goldfish,48,4.672507566283457e-05,9.604614024283364e-05,17.188682556152344
Qwen3.5-4B,851bf6e806efd8d0a36b00ddf55e13ccb7b8cd0a,2,monarch butterfly,48,2.2569050997844897e-05,4.605956928571686e-05,23.382614135742188
Qwen3.5-4B,851bf6e806efd8d0a36b00ddf55e13ccb7b8cd0a,3,pineapple,48,2.913301250373479e-05,5.947613681200892e-05,19.486711502075195
Qwen3.5-4B,851bf6e806efd8d0a36b00ddf55e13ccb7b8cd0a,4,acoustic guitar,48,4.215041917632334e-05,8.597789565101266e-05,13.680599212646484
Qwen3.5-4B,851bf6e806efd8d0a36b00ddf55e13ccb7b8cd0a,5,laptop,48,4.718080163002014e-05,9.642472286941484e-05,28.272096633911133
Qwen3.5-4B,851bf6e806efd8d0a36b00ddf55e13ccb7b8cd0a,6,espresso,48,4.321460801293142e-05,8.805088873486966e-05,24.968734741210938
Qwen3.5-4B,851bf6e806efd8d0a36b00ddf55e13ccb7b8cd0a,7,volcano,48,6.774440407752991e-05,0.00013820648018736392,23.550779342651367
Qwen3.5-4B,851bf6e806efd8d0a36b00ddf55e13ccb7b8cd0a,8,rocking chair,48,5.7614099205238745e-05,0.00011816418555099517,19.432998657226562
Qwen3.5-4B,851bf6e806efd8d0a36b00ddf55e13ccb7b8cd0a,9,soccer ball,48,5.9424590290291235e-05,0.00012155148579040542,21.65464210510254
Qwen3.5-4B,851bf6e806efd8d0a36b00ddf55e13ccb7b8cd0a,10,school bus,48,4.258875924278982e-05,8.739273471292108e-05,25.28047752380371
Qwen3.5-9B,c202236235762e1c871ad0ccb60c8ee5ba337b9a,1,goldfish,48,1.3329088687896729e-05,2.7089094146504067e-05,15.23038387298584
Qwen3.5-9B,c202236235762e1c871ad0ccb60c8ee5ba337b9a,2,monarch butterfly,48,7.664163604204077e-06,1.5971982065821066e-05,17.122817993164062
Qwen3.5-9B,c202236235762e1c871ad0ccb60c8ee5ba337b9a,3,pineapple,48,9.456028237764258e-06,1.932580562424846e-05,16.800617218017578
Qwen3.5-9B,c202236235762e1c871ad0ccb60c8ee5ba337b9a,4,acoustic guitar,48,9.454786777496338e-06,1.9455450456007384e-05,19.949134826660156
Qwen3.5-9B,c202236235762e1c871ad0ccb60c8ee5ba337b9a,5,laptop,48,1.2309600606386084e-05,2.515307642170228e-05,28.575605392456055
Qwen3.5-9B,c202236235762e1c871ad0ccb60c8ee5ba337b9a,6,espresso,48,1.1055420145567041e-05,2.283073445141781e-05,25.283538818359375
Qwen3.5-9B,c202236235762e1c871ad0ccb60c8ee5ba337b9a,7,volcano,48,1.5175591215665918e-05,3.126102456008084e-05,24.563989639282227
Qwen3.5-9B,c202236235762e1c871ad0ccb60c8ee5ba337b9a,8,rocking chair,48,1.634409090911504e-05,3.3198826713487506e-05,21.7431640625
Qwen3.5-9B,c202236235762e1c871ad0ccb60c8ee5ba337b9a,9,soccer ball,48,1.3219813808973413e-05,2.679307544894982e-05,23.292987823486328
Qwen3.5-9B,c202236235762e1c871ad0ccb60c8ee5ba337b9a,10,school bus,48,9.320676326751709e-06,1.927163975778967e-05,25.01581382751465
InternVL3.5-4B-HF,6bd4487402110ef9889ba50eb7aefeb302526fed,1,goldfish,48,0.018277516588568687,0.03699168935418129,23.250425338745117
InternVL3.5-4B-HF,6bd4487402110ef9889ba50eb7aefeb302526fed,2,monarch butterfly,48,0.015552443452179432,0.03151911497116089,23.017000198364258
InternVL3.5-4B-HF,6bd4487402110ef9889ba50eb7aefeb302526fed,3,pineapple,48,0.018692610785365105,0.03782397136092186,19.53386878967285
InternVL3.5-4B-HF,6bd4487402110ef9889ba50eb7aefeb302526fed,4,acoustic guitar,48,0.01706230640411377,0.034553658217191696,20.959590911865234
InternVL3.5-4B-HF,6bd4487402110ef9889ba50eb7aefeb302526fed,5,laptop,48,0.01757832244038582,0.0355890728533268,25.883657455444336
InternVL3.5-4B-HF,6bd4487402110ef9889ba50eb7aefeb302526fed,6,espresso,48,0.015817342326045036,0.032052259892225266,25.70859146118164
InternVL3.5-4B-HF,6bd4487402110ef9889ba50eb7aefeb302526fed,7,volcano,48,0.024615293368697166,0.04965941607952118,25.798168182373047
InternVL3.5-4B-HF,6bd4487402110ef9889ba50eb7aefeb302526fed,8,rocking chair,48,0.0194703321903944,0.039382047951221466,24.553497314453125
InternVL3.5-4B-HF,6bd4487402110ef9889ba50eb7aefeb302526fed,9,soccer ball,48,0.020641259849071503,0.041725561022758484,26.198646545410156
InternVL3.5-4B-HF,6bd4487402110ef9889ba50eb7aefeb302526fed,10,school bus,48,0.013044964522123337,0.026471422985196114,25.632814407348633
Qwen3.5-27B,fc05daec18b0a78c049392ed2e771dde82bdf654,1,goldfish,48,0.00013193364429753274,0.00026960024842992425,16.887300491333008
Qwen3.5-27B,fc05daec18b0a78c049392ed2e771dde82bdf654,2,monarch butterfly,48,9.423369920114055e-05,0.0001926032709889114,17.59540557861328
Qwen3.5-27B,fc05daec18b0a78c049392ed2e771dde82bdf654,3,pineapple,48,0.0001242483704118058,0.0002539479173719883,14.27719497680664
Qwen3.5-27B,fc05daec18b0a78c049392ed2e771dde82bdf654,4,acoustic guitar,48,0.00012724970292765647,0.00026040119701065123,15.78109073638916
Qwen3.5-27B,fc05daec18b0a78c049392ed2e771dde82bdf654,5,laptop,48,9.852150833467022e-05,0.00020141231652814895,28.058195114135742
Qwen3.5-27B,fc05daec18b0a78c049392ed2e771dde82bdf654,6,espresso,48,0.0001006138845696114,0.0002055140066659078,23.91963768005371
Qwen3.5-27B,fc05daec18b0a78c049392ed2e771dde82bdf654,7,volcano,48,0.00013813872647006065,0.0002821273810695857,22.10829734802246
Qwen3.5-27B,fc05daec18b0a78c049392ed2e771dde82bdf654,8,rocking chair,48,0.0001807945518521592,0.0003691662277560681,16.016029357910156
Qwen3.5-27B,fc05daec18b0a78c049392ed2e771dde82bdf654,9,soccer ball,48,0.00014495353389065713,0.00029638982960022986,19.262489318847656
Qwen3.5-27B,fc05daec18b0a78c049392ed2e771dde82bdf654,10,school bus,48,7.547190034529194e-05,0.0001542758836876601,23.52542495727539
