metric_x,metric_y,spearman_rho,n
TASR,TASR,1.0,285
TASR,CKA,0.518732822973645,285
TASR,RSA,0.5479635846222822,285
TASR,source_variance,0.09299428445429865,285
TASR,target_variance,0.004453174682875432,285
TASR,prototype_distance,0.056615927935368494,285
TASR,mean_delta_R,0.406667979847811,285
TASR,clean_margin,-0.0715823236893437,285
TASR,margin_change,0.406667979847811,285
CKA,TASR,0.518732822973645,285
CKA,CKA,1.0,285
CKA,RSA,0.9596951944270673,285
CKA,source_variance,0.135575629232761,285
CKA,target_variance,0.14503017409254573,285
CKA,prototype_distance,0.16263942592694083,285
CKA,mean_delta_R,0.3825102660251956,285
CKA,clean_margin,-0.17022495887380087,285
CKA,margin_change,0.3825102660251956,285
RSA,TASR,0.5479635846222822,285
RSA,CKA,0.9596951944270672,285
RSA,RSA,1.0,285
RSA,source_variance,0.1016770741911892,285
RSA,target_variance,0.0957116490944349,285
RSA,prototype_distance,0.1385085479419465,285
RSA,mean_delta_R,0.37258895032371003,285
RSA,clean_margin,-0.14407950859363636,285
RSA,margin_change,0.37258895032371003,285
source_variance,TASR,0.09299428445429865,285
source_variance,CKA,0.135575629232761,285
source_variance,RSA,0.1016770741911892,285
source_variance,source_variance,1.0,285
source_variance,target_variance,0.8996427746834391,285
source_variance,prototype_distance,0.9093780345154836,285
source_variance,mean_delta_R,0.8420222724210908,285
source_variance,clean_margin,-0.9007638043531262,285
source_variance,margin_change,0.8420222724210908,285
target_variance,TASR,0.004453174682875432,285
target_variance,CKA,0.14503017409254573,285
target_variance,RSA,0.0957116490944349,285
target_variance,source_variance,0.8996427746834391,285
target_variance,target_variance,1.0,285
target_variance,prototype_distance,0.9149221790484827,285
target_variance,mean_delta_R,0.8065619610589508,285
target_variance,clean_margin,-0.9157651630778861,285
target_variance,margin_change,0.8065619610589508,285
prototype_distance,TASR,0.056615927935368494,285
prototype_distance,CKA,0.16263942592694083,285
prototype_distance,RSA,0.1385085479419465,285
prototype_distance,source_variance,0.9093780345154837,285
prototype_distance,target_variance,0.9149221790484827,285
prototype_distance,prototype_distance,1.0,285
prototype_distance,mean_delta_R,0.8676797259316066,285
prototype_distance,clean_margin,-0.9974055442859915,285
prototype_distance,margin_change,0.8676797259316066,285
mean_delta_R,TASR,0.40666797984781095,285
mean_delta_R,CKA,0.3825102660251956,285
mean_delta_R,RSA,0.37258895032371003,285
mean_delta_R,source_variance,0.842022272421091,285
mean_delta_R,target_variance,0.8065619610589508,285
mean_delta_R,prototype_distance,0.8676797259316066,285
mean_delta_R,mean_delta_R,1.0,285
mean_delta_R,clean_margin,-0.872205014767806,285
mean_delta_R,margin_change,1.0,285
clean_margin,TASR,-0.07158232368934368,285
clean_margin,CKA,-0.17022495887380087,285
clean_margin,RSA,-0.14407950859363639,285
clean_margin,source_variance,-0.9007638043531263,285
clean_margin,target_variance,-0.9157651630778861,285
clean_margin,prototype_distance,-0.9974055442859916,285
clean_margin,mean_delta_R,-0.8722050147678059,285
clean_margin,clean_margin,1.0,285
clean_margin,margin_change,-0.8722050147678059,285
margin_change,TASR,0.40666797984781095,285
margin_change,CKA,0.3825102660251956,285
margin_change,RSA,0.37258895032371003,285
margin_change,source_variance,0.842022272421091,285
margin_change,target_variance,0.8065619610589508,285
margin_change,prototype_distance,0.8676797259316066,285
margin_change,mean_delta_R,1.0,285
margin_change,clean_margin,-0.872205014767806,285
margin_change,margin_change,1.0,285
